window,gaussian_id,affected_bR,bR_total,A_n,A_c,A_opportunity,D_opportunity,A_support,D_support,A_cap,D_cap,A_G0,D_G0,A_simple,D_simple,A_oac,D_oac,delta_G0,delta_simple,delta_OAC,delta_OAC_minus_delta_G0,A_low_evidence,D_low_evidence,A_OAC_above_threshold,D_OAC_above_threshold,A_OAC_topK,D_OAC_topK
W1,826,0,0.0,95.0,72.0,58.79828797830697,58.79828797830697,50,50,0,0,1.5974241528930075e-05,1.5974241490642573e-05,3.706482847863804e-05,3.70648283733508e-05,2.5183009955786903e-05,2.518300989542757e-05,-3.828750196662595e-14,-1.0528723888830055e-13,-6.0359334040248e-14,-2.2071832073622052e-14,0,0,0,0,0,0
W1,1376,0,0.0,13.0,13.0,13.0,13.0,10,10,0,0,0.00040207128152430343,0.00040207128152430343,0.0004208999278100134,0.0004208999278100134,0.00040207128152430343,0.00040207128152430343,0.0,0.0,0.0,0.0,0,0,0,0,0,0
W1,1506,1,0.6422611474990845,91.0,75.0,62.34369717097056,62.34369717097056,56,56,0,0,9.26285887201965e-05,9.233752502973309e-05,0.00016408228096892357,0.00016361327251210894,0.00013263831085176672,0.0001322215259607654,-2.9106369046341327e-07,-4.6900845681463335e-07,-4.1678489100130476e-07,-1.257212005378915e-07,0,0,0,0,0,0
W1,4186,0,0.0,57.0,53.0,51.33838886090379,51.33838886090379,45,45,0,0,0.0003841217583467601,0.00038412175860205684,0.000644628019532835,0.0006446280197653156,0.0004234208429531369,0.0004234208432345528,2.5529676029451e-13,2.3248059293629053e-13,2.814158953610979e-13,2.6119135066587917e-14,0,0,0,0,0,0
W1,5605,0,0.0,89.0,81.0,64.06061130338846,64.06061130338846,56,56,0,0,0.00025241590584850875,0.00025241590584850875,0.0004372525514574692,0.0004372525514574692,0.0003449084396152435,0.0003449084396152435,0.0,0.0,0.0,0.0,0,0,0,0,0,0
W1,6173,0,0.0,97.0,91.0,76.12478410618152,76.12478410618152,66,66,0,0,3.0146912783381607e-05,3.0146912783381607e-05,8.420466369056618e-05,8.420466369056618e-05,3.800120306204528e-05,3.800120306204528e-05,0.0,0.0,0.0,0.0,0,0,0,0,0,0
W1,6906,0,0.0,18.0,14.0,13.0,13.0,12,12,0,0,1.1714018485086007e-05,1.1714018586140975e-05,1.804810983165416e-05,1.8048109989216e-05,1.5159318039523067e-05,1.5159318170300085e-05,1.0105496761657687e-13,1.5756183995865002e-13,1.3077701831068315e-13,2.9722050694106286e-14,0,0,0,0,0,0
W1,7287,1,4.007772922515869,82.0,77.0,58.58035715388745,58.58973176258273,62,62,0,0,0.00025153331046770197,0.0002512627339305695,0.0011594995135965906,0.001159162751748406,0.0003456654081891671,0.00034524185532533284,-2.705765371324568e-07,-3.36761848184668e-07,-4.2355286383424133e-07,-1.5297632670178453e-07,0,0,0,0,0,0
W1,7802,0,0.0,82.0,68.0,65.3325412704024,65.3325412704024,54,54,0,0,0.00015888147148795262,0.00015888147148795262,0.00022361490593710855,0.00022361490593710855,0.00019707638430090134,0.00019707638430090134,0.0,0.0,0.0,0.0,0,0,0,0,0,0
W1,8003,0,0.0,29.0,28.0,26.0,26.0,20,20,0,0,0.00047176207841277635,0.00047176207841277635,0.0005262889562494026,0.0005262889562494026,0.000518938286254054,0.000518938286254054,0.0,0.0,0.0,0.0,0,0,0,0,0,0
W1,8159,0,0.0,85.0,77.0,69.70028392535266,69.70028392535266,60,60,0,0,4.6276969319526604e-05,4.627270909654437e-05,6.297133391879846e-05,6.296558133382891e-05,5.588377751175888e-05,5.58786328932415e-05,-4.2602229822363705e-09,-5.752584969546904e-09,-5.1446185173813046e-09,-8.843955351449341e-10,0,0,0,0,0,0
W1,8362,0,0.0,97.0,77.0,61.69743293547286,61.69743293547286,54,54,0,0,4.821943153947409e-05,4.821943150196915e-05,0.00016115756640977432,0.00016115756626301016,7.413018085912567e-05,7.413018080146744e-05,-3.7504938391053066e-14,-1.4676416549078142e-13,-5.765823745101234e-14,-2.0153299059959273e-14,0,0,0,0,0,0
W1,8619,0,0.0,75.0,61.0,58.24078484818453,58.24078484818453,50,50,0,0,0.00013202033706875228,0.00013202033706875228,0.0002666841417329262,0.0002666841417329262,0.00016756868753938352,0.00016756868753938352,0.0,0.0,0.0,0.0,0,0,0,0,0,0
W1,9200,0,0.0,76.0,67.0,56.99693493557093,56.99693493557093,47,47,0,0,4.8945664231830617e-05,4.894566427969876e-05,0.0001027519669625127,0.00010275196701535052,6.419426062444655e-05,6.41942606872276e-05,4.786814255522062e-14,5.283782038203316e-14,6.278105205842488e-14,1.4912909503204258e-14,0,0,0,0,0,0
W1,10003,0,0.0,79.0,68.0,57.96542120353273,57.96542120353273,53,53,0,0,0.00012172986679846872,0.00012172986679846872,0.0002380621182975461,0.0002380621182975461,0.0001630518884247798,0.0001630518884247798,0.0,0.0,0.0,0.0,0,0,0,0,0,0
W1,10432,0,0.0,100.0,92.0,72.0,72.0,63,63,0,0,0.00021820993123952082,0.00021820993240367404,0.0005467267542367649,0.0005467267577355199,0.0002986030638014495,0.0002986030653945013,1.1641532193535503e-12,3.498754996660025e-12,1.59305180809019e-12,4.2889858873663977e-13,0,0,0,0,0,0
W1,10533,0,0.0,98.0,92.0,74.96520218593334,74.96520218593334,66,66,0,0,4.4477287839846875e-05,4.447728780272465e-05,0.0001219395362322365,0.00012193953621544519,5.7451677879355e-05,5.745167783140391e-05,-3.712222857669284e-14,-1.679131009582613e-14,-4.795109079767934e-14,-1.0828862220986502e-14,0,0,0,0,0,0
W1,10951,0,0.0,11.0,11.0,0.0,0.0,0,0,0,0,0.0,0.0,0.0,0.0,0.0,0.0,0.0,0.0,0.0,0.0,1,1,0,0,0,0
W1,11703,1,15.469456672668457,23.0,23.0,23.0,23.0,17,17,0,0,0.0005775833095393192,0.0005583196828252846,0.0006597653497977663,0.0006362381267552628,0.0005775833095393192,0.0005583196828252846,-1.926362671403456e-05,-2.3527223042503487e-05,-1.926362671403456e-05,0.0,0,0,0,0,1,1
W1,11810,0,0.0,100.0,96.0,69.77522822108607,69.77522822108607,65,65,0,0,3.3298005850279644e-05,3.329800588665943e-05,7.270842777414173e-05,7.270842783644834e-05,4.6939774934363504e-05,4.693977498564763e-05,3.63797872577655e-14,6.230660518774522e-14,5.1284124787543545e-14,1.4904337529778044e-14,0,0,0,0,0,0
W1,11978,1,1.723852515220642,93.0,75.0,59.6583232825712,59.6583232825712,55,55,0,0,0.00012284617851498082,0.0001217430137034473,0.00028982116916275856,0.00028711275367613963,0.00018718808007335,0.00018550712177597606,-1.1031648115335133e-06,-2.7084154866189344e-06,-1.6809582973739332e-06,-5.777934858404199e-07,0,0,0,0,0,0
W1,12141,0,0.0,9.0,9.0,0.0,0.0,0,0,0,0,0.0,0.0,0.0,0.0,0.0,0.0,0.0,0.0,0.0,0.0,1,1,0,0,0,0
W1,12496,0,0.0,74.0,64.0,58.04201387286924,58.04201387286924,47,47,0,0,0.00044749415953815617,0.00044749415953815617,0.0006677637303362959,0.0006677637303362959,0.0005625952844712512,0.0005625952844712512,0.0,0.0,0.0,0.0,0,0,0,0,1,1
W1,13225,0,0.0,84.0,71.0,59.497615063288755,59.497615063288755,49,49,0,0,0.00011539111864828604,0.00011539111899476022,0.0001947960890037326,0.0001947960896034328,0.00015991810764747863,0.00015991810812764984,3.46474178557557e-13,5.997002211228369e-13,4.801712142048914e-13,1.3369703564733437e-13,0,0,0,0,0,0
W1,13694,0,0.0,100.0,100.0,90.25290428902204,90.25290428902204,82,82,0,0,0.0005930020232284505,0.0005930020238105271,0.0007895468139245457,0.0007895468132345449,0.0006543268972024879,0.0006543268978447596,5.82076596124248e-13,-6.900007908788863e-13,6.422717175810777e-13,6.01951214568297e-14,0,0,1,1,1,1
W1,13739,1,0.009047050029039383,28.0,22.0,21.0,21.0,20,20,0,0,0.0001444763686034221,0.0001444054716724295,0.0003272132910006504,0.00032697112390534715,0.00018492975181238033,0.0001848390037407098,-7.08969309926033e-08,-2.421670953032672e-07,-9.07480716705344e-08,-1.9851140677931093e-08,0,0,0,0,0,0
W1,14014,0,0.0,20.0,17.0,16.999546129621905,16.999546129621905,16,16,0,0,0.00029988657092214763,0.00029988657310493495,0.0004667438131580547,0.00046674381661862156,0.0003427349171122838,0.00034273491960695176,2.182787316781093e-12,3.4605668482699803e-12,2.494667937936318e-12,3.1188062115522497e-13,0,0,0,0,0,0
W1,14244,0,0.0,17.0,17.0,16.0,16.0,15,15,0,0,0.00010917187894258805,0.00010917187894258805,0.00015941556338954185,0.00015941556338954185,0.00011463047288971746,0.00011463047288971746,0.0,0.0,0.0,0.0,0,0,0,0,0,0
W1,14877,1,0.6054233312606812,100.0,100.0,88.13953087936066,88.3253491978685,78,79,0,0,0.0001804635819064515,0.00017974655506463932,0.0004702334429540598,0.00046706664486473055,0.0002036933804540897,0.00020247572188066056,-7.170268418121796e-07,-3.166798089329246e-06,-1.2176585734291338e-06,-5.006317316169542e-07,0,0,0,0,0,0
W1,16016,0,0.0,27.0,22.0,19.454461931135004,19.454461931135004,16,16,0,0,0.0006806950104289514,0.0006806950104289514,0.0010633154733481409,0.0010633154733481409,0.0008996814928116473,0.0008996814928116473,0.0,0.0,0.0,0.0,0,0,1,1,1,1
W1,16412,0,0.0,12.0,12.0,0.0,0.0,0,0,0,0,0.0,0.0,0.0,0.0,0.0,0.0,0.0,0.0,0.0,0.0,1,1,0,0,0,0
W1,17272,1,1.2693203687667847,89.0,77.0,50.60681352659977,50.60681352659977,46,46,0,0,6.235432907057962e-05,6.100737690052451e-05,0.00015851922566517758,0.00015625246099082392,0.00010619467112357966,0.00010390069819739701,-1.3469521700551062e-06,-2.266764674353658e-06,-2.2939729261826523e-06,-9.470207561275461e-07,0,0,0,0,0,0
W1,17376,0,0.0,99.0,83.0,69.35129013568383,69.35129013568383,61,61,0,0,2.0546227420327314e-05,2.0546227420327314e-05,5.576158037959666e-05,5.576158037959666e-05,2.8851045705932276e-05,2.8851045705932276e-05,0.0,0.0,0.0,0.0,0,0,0,0,0,0
W1,17590,0,0.0,70.0,59.0,51.471029588493685,51.471029588493685,47,47,0,0,9.893412602330897e-05,9.893412623119348e-05,0.00013630616115863404,0.00013630616131479395,0.00013198106074532786,0.00013198106102265197,2.0788450442402878e-13,1.5615991572764942e-13,2.773241163621376e-13,6.943961193810883e-14,0,0,0,0,0,0
W1,18398,0,0.0,71.0,65.0,57.37455102113781,57.37455102113781,51,51,0,0,6.671400579004742e-05,6.671400579004742e-05,0.00011055722134462834,0.00011055722134462834,8.152483970970803e-05,8.152483970970803e-05,0.0,0.0,0.0,0.0,0,0,0,0,0,0
W1,18675,0,0.0,20.0,20.0,20.0,20.0,17,17,0,0,0.00022289969856501557,0.00022289969856501557,0.00023265104420371456,0.00023265104420371456,0.00022289969856501557,0.00022289969856501557,0.0,0.0,0.0,0.0,0,0,0,0,0,0
W1,18804,0,0.0,72.0,67.0,58.89736043526578,58.89736043526578,53,53,0,0,0.00024025818572010534,0.00024025818592221526,0.00034011919771108427,0.0003401191979599324,0.000290308241687199,0.000290308241931412,2.0210992168062658e-13,2.488481426130007e-13,2.442130156952993e-13,4.2103094014672715e-14,0,0,0,0,0,0
W1,19124,0,0.0,17.0,13.0,11.0,11.0,10,10,0,0,0.0004509703653371509,0.0004509703653371509,0.0009074247415609334,0.0009074247415609334,0.0006313585114720113,0.0006313585114720113,0.0,0.0,0.0,0.0,0,0,1,1,1,1
W1,19897,0,0.0,23.0,18.0,18.0,18.0,15,15,0,0,0.00016222856751453392,0.00016222856751453392,0.0002993149754938078,0.0002993149754938078,0.00019909869649510983,0.00019909869649510983,0.0,0.0,0.0,0.0,0,0,0,0,0,0
W1,20058,0,0.0,86.0,75.0,58.058385774349624,58.058385774349624,53,53,0,0,0.00015648865100736947,0.00015648865100736947,0.00026080910746506287,0.00026080910746506287,0.00022694722743633677,0.00022694722743633677,0.0,0.0,0.0,0.0,0,0,0,0,0,0
W1,20391,0,0.0,12.0,12.0,12.0,12.0,9,9,0,0,0.000671751109014925,0.000671751109014925,0.0005175084497265365,0.0005175084497265365,0.000671751109014925,0.000671751109014925,0.0,0.0,0.0,0.0,0,0,1,1,1,1
W1,20669,0,0.0,10.0,10.0,10.0,10.0,8,8,0,0,0.0004503823369304882,0.0004503823369304882,0.0004773802732165494,0.0004773802732165494,0.0004503823369304882,0.0004503823369304882,0.0,0.0,0.0,0.0,0,0,0,0,0,0
W1,21777,0,0.0,25.0,21.0,20.000779016169243,20.000779016169243,18,18,0,0,0.0005931797492048574,0.0005931797492048574,0.0011769698431223603,0.0011769698431223603,0.0007167355990966707,0.0007167355990966707,0.0,0.0,0.0,0.0,0,0,1,1,1,1
W1,21942,0,0.0,97.0,73.0,60.81599493539658,60.81599493539658,54,54,0,0,3.544736988527044e-05,3.54473697352507e-05,0.00013038776672207435,0.0001303877660994444,5.5236124385358226e-05,5.523612415158886e-05,-1.500197400116851e-13,-6.226299586586242e-13,-2.337693637299333e-13,-8.37496237182482e-14,0,0,0,0,0,0
W1,22084,0,0.0,68.0,58.0,57.0,57.0,47,47,0,0,0.00019216339074893331,0.00019216114365502366,0.0002991414447560212,0.00029913912649653896,0.0002268158054741508,0.00022681315316658532,-2.247093909655152e-09,-2.318259482222019e-09,-2.652307565470611e-09,-4.05213655815459e-10,0,0,0,0,0,0
W1,22232,0,0.0,62.0,55.0,53.00224730262861,53.00224730262861,46,46,0,0,0.0005628160722259904,0.0005628160722259904,0.0008079810620390518,0.0008079810620390518,0.0006516560754123535,0.0006516560754123535,0.0,0.0,0.0,0.0,0,0,1,1,1,1
W1,22817,0,0.0,88.0,75.0,51.571217093118186,51.571217093118186,46,46,0,0,0.00015947499579098033,0.00015947499579098033,0.00037481101493589547,0.00037481101493589547,0.0002640161648463715,0.0002640161648463715,0.0,0.0,0.0,0.0,0,0,0,0,0,0
W1,24746,1,0.02376447431743145,100.0,97.0,81.79224804953417,81.79224804953417,74,74,0,0,0.00031637513527519104,0.00031605542416789605,0.0005159857256590506,0.0005155990117828732,0.00038351966310082634,0.0003831320994699085,-3.1971110729499133e-07,-3.867138761773619e-07,-3.8756363091783886e-07,-6.785252362284753e-08,0,0,0,0,0,0
W1,26791,1,6.557884717039997e-06,100.0,91.0,81.59631801884217,81.59631801884217,70,70,0,0,2.7286899852319023e-07,2.7283665325728015e-07,6.578234771617291e-07,6.578229555609754e-07,3.3153734299838573e-07,3.3149804332133764e-07,-3.2345265910076205e-11,-5.216007536550172e-13,-3.929967704808964e-11,-6.954411138013437e-12,0,0,0,0,0,0
W1,27570,0,0.0,83.0,75.0,65.0,65.0,53,53,0,0,4.6947824836917636e-05,4.6947824836917636e-05,6.20977811238731e-05,6.20977811238731e-05,5.919508349002659e-05,5.919508349002659e-05,0.0,0.0,0.0,0.0,0,0,0,0,0,0
W1,27797,1,0.4823372960090637,97.0,69.0,55.80132072046003,55.80132072046003,45,45,0,0,5.03098254638357e-05,4.9038558147906e-05,0.00021477463296732733,0.00020818470668205213,8.496956773914403e-05,8.282249143109569e-05,-1.2712673159297018e-06,-6.589926285275195e-06,-2.1470763080483454e-06,-8.758089921186436e-07,0,0,0,0,0,0
W1,28253,0,0.0,93.0,74.0,57.0,57.0,46,46,0,0,0.0001661151307573152,0.0001661151307573152,0.0003548229199025416,0.0003548229199025416,0.0002641502898927799,0.0002641502898927799,0.0,0.0,0.0,0.0,0,0,0,0,0,0
W1,28369,0,0.0,66.0,61.0,56.97479867744323,56.97479867744323,47,47,0,0,0.0006329181160199318,0.0006329181160199318,0.000924227382718896,0.000924227382718896,0.0007265996621942923,0.0007265996621942923,0.0,0.0,0.0,0.0,0,0,1,1,1,1
W1,29154,0,0.0,64.0,56.0,53.0,53.0,45,45,0,0,0.00014620428880285363,0.0001462042886891668,0.00023988856192689404,0.00023988856180182086,0.00017441915155428153,0.00017441915141865513,-1.1368683772161603e-13,-1.2507318314716742e-13,-1.3562640051832664e-13,-2.193956279671061e-14,0,0,0,0,0,0
W1,29903,1,0.45381543040275574,97.0,61.0,42.80808995912966,42.80808995912966,36,36,1,1,8.094652418665783e-06,7.534883389259557e-06,3.440164728234658e-05,2.9998506156278755e-05,1.6189304837331566e-05,1.5069766778519115e-05,-5.597690294062255e-07,-4.4031411260678276e-06,-1.119538058812451e-06,-5.597690294062255e-07,0,0,0,0,0,0
W1,31048,1,0.00012963969493284822,97.0,61.0,52.0,52.0,43,43,0,0,5.3519178632704786e-05,5.351088804467655e-05,0.00016875528002100043,0.0001687549369738525,9.652566146255685e-05,9.651070879486306e-05,-8.29058802823303e-09,-3.430471479256257e-10,-1.4952667693786262e-08,-6.662079665553232e-09,0,0,0,0,0,0
W1,31523,0,0.0,98.0,64.0,53.0,53.0,44,44,0,0,0.0003449229199426485,0.0003449229193481127,0.0011198200379664957,0.0011198200357175594,0.0006172304883184235,0.0006172304872545175,-5.945357595994738e-13,-2.248936280258018e-12,-1.063906016236793e-12,-4.693702566373192e-13,0,0,1,1,1,1
W1,31704,0,0.0,96.0,70.0,56.86728745327553,56.86728745327553,48,48,0,0,5.509461383296778e-05,5.509461398455023e-05,0.00013455708537583457,0.00013455708573732386,9.05159670130871e-05,9.051596726212472e-05,1.515824548129971e-13,3.6148929444430877e-13,2.490376204951697e-13,9.745516568217261e-14,0,0,0,0,0,0
W1,31880,1,0.047881320118904114,82.0,77.0,60.802707307977094,60.802707307977094,54,54,0,0,0.0006403040487491965,0.0006401262861907456,0.0010990555911222731,0.001098905795163257,0.000849750735424172,0.0008495148258354857,-1.7776255845092237e-07,-1.4979595901621484e-07,-2.3590958868628577e-07,-5.8147030235363405e-08,0,0,1,1,1,1
W1,32479,0,0.0,100.0,96.0,71.54829016726745,71.54829016726745,63,63,0,0,3.507765570231136e-05,3.507765570231136e-05,5.574070185880755e-05,5.574070187670953e-05,4.8288004731323104e-05,4.8288004731323104e-05,0.0,1.7901980353847435e-14,0.0,0.0,0,0,0,0,0,0
W1,34499,0,0.0,94.0,71.0,55.41420525855595,55.41420525855595,51,51,0,0,2.2207663327965106e-05,2.2207663327965106e-05,5.9087573143758594e-05,5.9087573143758594e-05,3.663014588295237e-05,3.663014588295237e-05,0.0,0.0,0.0,0.0,0,0,0,0,0,0
W1,34962,0,0.0,70.0,64.0,60.14167192728223,60.14167192728223,53,53,0,0,8.764248098498406e-05,8.764248098498406e-05,0.000114620960567953,0.000114620960567953,0.00010111279294748533,0.00010111279294748533,0.0,0.0,0.0,0.0,0,0,0,0,0,0
W1,36209,1,0.1587916612625122,100.0,97.0,76.18922746000419,76.18922746000419,68,68,0,0,6.0044695216984746e-05,5.992916728913833e-05,0.00010113113804438253,0.00010100151337930671,7.787390526590425e-05,7.772407336358271e-05,-1.1552792784641903e-07,-1.2962466507582173e-07,-1.498319023215402e-07,-3.430397447512116e-08,0,0,0,0,0,0
W1,36375,0,0.0,91.0,81.0,67.99056996948512,67.99056996948512,56,56,0,0,0.0001307293618460181,0.00013072936151510822,0.00021685345967905015,0.00021685345962667825,0.0001725127246615206,0.00017251272422484615,-3.3090988716538705e-13,-5.2371898050934673e-14,-4.366744325075972e-13,-1.0576454534221014e-13,0,0,0,0,0,0
W1,37032,0,0.0,18.0,15.0,14.0,14.0,13,13,0,0,0.00021514825748234243,0.00021514825586546295,0.00034940942147501457,0.0003494094186650404,0.0002629589813673074,0.0002629589793911214,-1.6168794818652299e-12,-2.8099741500656195e-12,-1.976185979180728e-12,-3.59306497315498e-13,0,0,0,0,0,0
W1,39126,0,0.0,10.0,10.0,10.0,10.0,8,8,0,0,0.0006140065001090988,0.0006140065001090988,0.0006301055147001214,0.0006301055147001214,0.0006140065001090988,0.0006140065001090988,0.0,0.0,0.0,0.0,0,0,1,1,1,1
W1,39240,0,0.0,71.0,66.0,57.0,57.0,50,50,0,0,9.292608437660843e-05,9.292608437660843e-05,0.00014252452949427695,0.00014252452949427695,0.00011425338243025626,0.00011425338243025626,0.0,0.0,0.0,0.0,0,0,0,0,0,0
W1,39447,0,0.0,12.0,12.0,12.0,12.0,9,9,0,0,0.00033460469846128643,0.00033460469846128643,0.00034452210315765835,0.00034452210315765835,0.00033460469846128643,0.00033460469846128643,0.0,0.0,0.0,0.0,0,0,0,0,0,0
W1,39868,0,0.0,13.0,13.0,13.0,13.0,10,10,0,0,0.0005855887127556623,0.0005855887127556623,0.0006698752521351134,0.0006698752521351134,0.0005855887127556623,0.0005855887127556623,0.0,0.0,0.0,0.0,0,0,0,0,1,1
W1,40902,0,0.0,24.0,24.0,22.0,22.0,18,18,0,0,0.0005048855635862992,0.0005048855635862992,0.0006199617671908688,0.0006199617671908688,0.0005437229146313991,0.0005437229146313991,0.0,0.0,0.0,0.0,0,0,0,0,1,1
W1,41417,0,0.0,75.0,69.0,60.78927146679599,60.78927146679599,54,54,0,0,0.0004389635535565617,0.0004389801797987995,0.0006389055849419769,0.0006389235243259914,0.0005352448012745545,0.0005352650742782022,1.6626242237789343e-08,1.7939384014528312e-08,2.02730036477812e-08,3.6467614099918583e-09,0,0,0,0,0,0
W1,41514,0,0.0,77.0,72.0,62.11182846412065,62.11182846412065,54,54,0,0,0.00024751734615712043,0.0002475173457791486,0.0004542378962390085,0.00045423789572169345,0.00030325745792384844,0.00030325745746075854,-3.7797185086646534e-13,-5.173150319573439e-13,-4.630899071329797e-13,-8.511805626651436e-14,0,0,0,0,0,0
W1,42316,0,0.0,86.0,77.0,64.96708647983606,64.96708647983606,56,56,0,0,0.00017234723259595963,0.00017234723259595963,0.00033393169095560646,0.00033393169095560646,0.00022490802099014867,0.00022490802099014867,0.0,0.0,0.0,0.0,0,0,0,0,0,0
W1,42964,1,0.5793280601501465,95.0,75.0,68.0060276218169,68.0060276218169,55,55,0,0,5.515110358472391e-05,5.397076773578515e-05,0.00012721363879653722,0.00012459321445471475,7.582641947093565e-05,7.420359353671437e-05,-1.1803358489387598e-06,-2.6204243418224754e-06,-1.6228259342212766e-06,-4.4249008528251675e-07,0,0,0,0,0,0
W1,43131,0,0.0,97.0,78.0,66.34781243110905,66.34781243110905,58,58,0,0,4.2138154842329234e-05,4.2138154842329234e-05,0.00013258346362608503,0.00013258346362608503,6.049873467271023e-05,6.049873467271023e-05,0.0,0.0,0.0,0.0,0,0,0,0,0,0
W1,44187,1,2.264626979827881,99.0,98.0,77.27503355181196,77.27503355181196,69,69,0,0,5.542695299882671e-05,5.388486809495182e-05,9.432952934754937e-05,9.16393992365123e-05,7.024267981679442e-05,6.828839277244816e-05,-1.5420849038748919e-06,-2.6901301110370598e-06,-1.9542870443462612e-06,-4.1220214047136937e-07,0,0,0,0,0,0
W1,44450,0,0.0,18.0,18.0,18.0,18.0,15,15,0,0,0.0003910800458268366,0.0003910800458268366,0.00038320871798154423,0.00038320871798154423,0.0003910800458268366,0.0003910800458268366,0.0,0.0,0.0,0.0,0,0,0,0,0,0
W1,44747,0,0.0,62.0,52.0,47.31420403676119,47.31420403676119,43,43,0,0,0.00025568092734734057,0.00025568092711263226,0.0004793679415807254,0.0004793679411576718,0.00032885516830457646,0.0003288551680026961,-2.347083031400965e-13,-4.230536277197161e-13,-3.0188037399708767e-13,-6.717207085699117e-14,0,0,0,0,0,0
W1,45916,0,0.0,78.0,70.0,60.22130749015708,60.22130749015708,54,54,0,0,0.00010389551548411893,0.00010389551548411893,0.00014350715938271446,0.00014350715938271446,0.00013265740924074906,0.00013265740924074906,0.0,0.0,0.0,0.0,0,0,0,0,0,0
W1,46030,0,0.0,96.0,62.0,51.49180685264491,51.49180685264491,46,46,0,0,0.00011860815513307949,0.00011860815513307949,0.00039048278371844533,0.00039048278371844533,0.0002137399408313306,0.0002137399408313306,0.0,0.0,0.0,0.0,0,0,0,0,0,0
W1,46617,0,0.0,96.0,90.0,80.63626099103801,80.63626099103801,71,71,0,0,0.00016407165427434478,0.00016407165427434478,0.00031066570137883734,0.00031066570137883734,0.00019385503607220793,0.00019385503607220793,0.0,0.0,0.0,0.0,0,0,0,0,0,0
W1,47608,1,3.301241874694824,100.0,99.0,83.08184707377757,83.53938028524624,75,76,0,0,0.0003808340823652756,0.0003799668727642924,0.0005287667878083141,0.0005242256967083593,0.00045482205415823347,0.0004514146049323412,-8.672096009832071e-07,-4.5410910999547785e-06,-3.4074492258922466e-06,-2.5402396249090396e-06,0,0,0,0,0,0
W1,47831,0,0.0,70.0,59.0,55.96802857978143,55.96802857978143,49,49,0,0,0.00012253191286109655,0.00012253191120451692,0.0005929126547929364,0.0005929126506009899,0.00015120326224594714,0.000151203260201743,-1.6565796314999687e-12,-4.191946486112319e-12,-2.0442041343080725e-12,-3.876245028081038e-13,0,0,0,0,0,0
W1,48147,0,0.0,99.0,96.0,73.0,73.0,61,61,0,0,0.00024080412384352764,0.00024080412384352764,0.0005179197674758445,0.0005179197674758445,0.00032211460721926426,0.00032211460721926426,0.0,0.0,0.0,0.0,0,0,0,0,0,0
W1,48565,0,0.0,24.0,17.0,16.0,16.0,15,15,0,0,0.0003146773049326849,0.0003146773049326849,0.000650339504339522,0.000650339504339522,0.00044054822690575886,0.00044054822690575886,0.0,0.0,0.0,0.0,0,0,0,0,0,0
W1,49314,1,1.9465872049331665,71.0,61.0,55.05751632891081,55.05751632891081,48,48,0,0,0.00011749072802181833,0.00011620932525731418,0.0001852193153162501,0.0001838121679790532,0.00014920716530916278,0.0001475798498832554,-1.2814027645041519e-06,-1.4071473371969222e-06,-1.6273154259073747e-06,-3.4591266140322286e-07,0,0,0,0,0,0
W1,49883,1,0.00022505524975713342,73.0,70.0,59.323347956058754,60.323347956058754,53,54,0,0,0.0004357420604948595,0.00043543658258490256,0.0006246283393090897,0.000624382698627117,0.0005298541492371287,0.0005212511152551002,-3.054779099569203e-07,-2.456406819727067e-07,-8.603033982028494e-06,-8.297556072071573e-06,0,0,0,0,0,0
W1,51624,1,1.784127950668335,68.0,57.0,55.08160645933939,55.08160645933939,50,50,0,0,0.0004273746245577486,0.00042589762752493914,0.0005115558929036403,0.0005095487014599953,0.0005208215350294312,0.000519021587588336,-1.4769970328094872e-06,-2.00719144364495e-06,-1.7999474410952242e-06,-3.2295040828573705e-07,0,0,0,0,0,0
W1,51844,1,0.106455959379673,89.0,72.0,48.43037925214631,48.43037925214631,44,44,0,0,1.0206336259230318e-05,1.0211375217544595e-05,2.590123035174382e-05,2.59099309238162e-05,1.8103803284420514e-05,1.8112741291925174e-05,5.038958314277205e-09,8.700572072380212e-09,8.938007504660902e-09,3.899049190383698e-09,0,0,0,0,0,0
W1,51884,1,1.3351107835769653,83.0,75.0,67.81846058600874,67.81846058600874,58,58,0,0,0.0006644931320454745,0.0006634338102985375,0.0009906232817514303,0.0009899699986700078,0.0008049588088667369,0.0008036755595290106,-1.0593217469370133e-06,-6.532830814224341e-07,-1.283249337726282e-06,-2.239275907892687e-07,0,0,1,1,1,1
W1,52176,1,0.07736948132514954,71.0,64.0,62.78169505274025,62.78169505274025,55,55,0,0,0.00018391085139115795,0.00018340982218627904,0.00033401027509809067,0.0003334355752854889,0.00020654333262196624,0.00020598064564110658,-5.010292048789132e-07,-5.746998126017868e-07,-5.626869808596625e-07,-6.165777598074939e-08,0,0,0,0,0,0
W1,52984,1,0.6344772577285767,100.0,98.0,80.98054394842616,80.98054394842616,71,71,0,0,9.721255199805156e-05,9.571959352582482e-05,0.00017327778731982894,0.00017126507885948663,0.00011896964808713256,0.00011714255127299813,-1.4929584722267355e-06,-2.0127084603423055e-06,-1.8270968141344355e-06,-3.3413834190769995e-07,0,0,0,0,0,0
W1,53260,1,18.778749465942383,68.0,51.0,48.79510795960768,48.79510795960768,44,44,0,0,0.0003242544617892228,0.0003099703718001755,0.0022556944089009907,0.0021839899854279024,0.00044220614657490185,0.00042272603716782855,-1.4284089989047288e-05,-7.170442347308832e-05,-1.9480109407073295e-05,-5.196019418026007e-06,0,0,0,0,0,0
W1,53525,0,0.0,93.0,79.0,60.109369971977564,60.109369971977564,52,52,0,0,6.746264149494877e-05,6.746264149494877e-05,0.00012938608234692957,0.00012938608234692957,0.00010207363179314322,0.00010207363179314322,0.0,0.0,0.0,0.0,0,0,0,0,0,0
W1,53652,1,0.9759306907653809,36.0,32.0,30.99859113449492,30.99859113449492,29,29,0,0,8.103245417802175e-05,8.01208082116996e-05,0.000350034483900164,0.0003485219089580018,9.261224700917226e-05,9.157032396396304e-05,-9.116459663221452e-07,-1.512574942162193e-06,-1.0419230452092152e-06,-1.3027707888706999e-07,0,0,0,0,0,0
W1,53680,1,0.04611322656273842,22.0,19.0,18.0,18.0,17,17,0,0,0.0006007534750893056,0.0006007369966537199,0.0014025279197184693,0.0014025272762598563,0.0007099813796509975,0.0007099619051362144,-1.6478435585672024e-08,-6.434586129980963e-10,-1.9474514783126076e-08,-2.996079197454052e-09,0,0,1,1,1,1
W1,53792,0,0.0,23.0,20.0,20.0,20.0,19,19,0,0,3.351418063570948e-05,3.35141803193635e-05,7.414177868043055e-05,7.414177769850029e-05,3.770345321517316e-05,3.7703452859283935e-05,-3.163459823415059e-13,-9.81930262469212e-13,-3.5588922759309527e-13,-3.954324525158939e-14,0,0,0,0,0,0
W1,53802,0,0.0,69.0,60.0,58.0,58.0,48,48,0,0,0.00010697674508993758,0.00010697674508993758,0.00020782631119631192,0.00020782631119631192,0.00012595649018653943,0.00012595649018653943,0.0,0.0,0.0,0.0,0,0,0,0,0,0
W1,53947,0,0.0,74.0,68.0,64.74849647389388,64.74849647389388,53,53,0,0,0.00012422003630721345,0.0001242200366021847,0.00015779985932846684,0.00015779985980201965,0.00014093635975940142,0.00014093636009406704,2.9497124144281517e-13,4.735528104631709e-13,3.3466561770098546e-13,3.9694376258170294e-14,0,0,0,0,0,0
W1,53981,0,0.0,100.0,99.0,79.8746831435128,79.8746831435128,71,71,0,0,8.357460723385945e-05,8.357460723385945e-05,0.00024751520644428394,0.00024751520644428394,0.00010362792235470446,0.00010362792235470446,0.0,0.0,0.0,0.0,0,0,0,0,0,0
W1,55131,0,0.0,19.0,16.0,16.0,16.0,15,15,0,0,0.0002484871414585661,0.0002484871414585661,0.0003781773788868782,0.0003781773788868782,0.000285760212677351,0.000285760212677351,0.0,0.0,0.0,0.0,0,0,0,0,0,0
W1,55238,1,0.07618391513824463,91.0,77.0,64.0684553756851,64.0684553756851,54,54,0,0,3.980477072640643e-05,3.970070641758793e-05,8.417486903230479e-05,8.409360098275835e-05,5.555368045503487e-05,5.54084427045498e-05,-1.040643088185016e-07,-8.126804954644129e-08,-1.4523775048507019e-07,-4.1173441666568587e-08,0,0,0,0,0,0
W1,55342,1,1.1460964679718018,98.0,88.0,70.43032437039423,70.47561445677246,66,66,0,0,3.647573849297678e-06,3.6561547182110587e-06,1.1852843632820362e-05,1.185151956172444e-05,4.998668698216134e-06,5.0073810599304925e-06,8.580868913380893e-09,-1.324071095922311e-09,8.712361714358648e-09,1.3149280097775519e-10,0,0,0,0,0,0
W1,55719,1,0.27876904606819153,87.0,73.0,50.74146312471996,50.74146312471996,47,47,0,0,5.546659384115906e-05,5.515469721646315e-05,0.00013002871642616914,0.00012973713753366704,9.220542805086553e-05,9.168694368403992e-05,-3.1189662469590783e-07,-2.91578892502105e-07,-5.18484366825617e-07,-2.0658774212970919e-07,0,0,0,0,0,0
W1,55728,0,0.0,100.0,94.0,69.2956996395322,69.2956996395322,60,60,0,0,9.758532572030354e-06,9.758532608410141e-06,2.6220578336611473e-05,2.62205784525392e-05,1.384647929527062e-05,1.3846479346890264e-05,3.63797872577655e-14,1.1592772775808127e-13,5.161964470234634e-14,1.523985744458084e-14,0,0,0,0,0,0
W1,56261,0,0.0,82.0,72.0,58.322635859992445,58.322635859992445,49,49,0,0,0.0004947458430733073,0.0004947458430733073,0.0009168976172866246,0.0009168976172866246,0.0006827076858541199,0.0006827076858541199,0.0,0.0,0.0,0.0,0,0,1,1,1,1
W1,56380,0,0.0,10.0,10.0,10.0,10.0,8,8,0,0,0.00021152816771063954,0.00021152816771063954,0.0002839048966545028,0.0002839048966545028,0.00021152816771063954,0.00021152816771063954,0.0,0.0,0.0,0.0,0,0,0,0,0,0
W1,56956,1,0.019753850996494293,95.0,85.0,72.8563424289498,72.8563424289498,63,63,0,0,2.8305691784387485e-06,2.8185882754883098e-06,1.2152177786804262e-05,1.214210296945005e-05,3.6461057059083005e-06,3.630672895100397e-06,-1.1980902950438751e-08,-1.0074817354212807e-08,-1.543281080790352e-08,-3.4519078574647703e-09,0,0,0,0,0,0
W1,57054,0,0.0,89.0,73.0,57.034933407085894,57.034933407085894,50,50,0,0,0.0001466459508271912,0.0001466459508271912,0.00035471046706579847,0.00035471046706579847,0.00022344701084486577,0.00022344701084486577,0.0,0.0,0.0,0.0,0,0,0,0,0,0
W1,57056,1,0.2138974815607071,98.0,96.0,68.55745091242288,70.08070411107403,61,63,0,0,0.00013075219348073524,0.00013110787364792263,0.00022883833922604104,0.00022631318633958264,0.00018380915491549547,0.0001805193845355073,3.556801671873895e-07,-2.525152886458397e-06,-3.2897703799881703e-06,-3.64545054717556e-06,0,0,0,0,0,0
W1,59223,1,0.003928337246179581,97.0,96.0,69.8708864592475,70.88829032480584,62,63,0,0,0.0004410707681058503,0.0004405783617930768,0.0009362230732678743,0.000935879115294864,0.0006030541897350432,0.0005941972282729653,-4.924063127735145e-07,-3.4395797301035955e-07,-8.856961462077933e-06,-8.364555149304419e-06,0,0,1,0,1,1
W1,59297,1,0.01949917897582054,98.0,98.0,77.89280326998605,77.89280326998605,67,67,0,0,7.153210126435631e-06,7.0738736832065774e-06,9.289166747749137e-06,9.186478732202943e-06,8.90954276520468e-06,8.810726790097754e-06,-7.933644322905336e-08,-1.0268801554619408e-07,-9.881597510692673e-08,-1.947953187787337e-08,0,0,0,0,0,0
W1,61100,0,0.0,86.0,76.0,62.61724617783162,62.61724617783162,52,52,0,0,0.0003769886127617308,0.00037698861293093916,0.0006682489095802426,0.0006682489097510787,0.0005093121840849435,0.0005093121843135442,1.692083430836211e-13,1.708361100152822e-13,2.286006670418339e-13,5.939232395821281e-14,0,0,0,0,0,0
W1,62195,0,0.0,77.0,69.0,59.24128548648118,59.24128548648118,52,52,0,0,0.00010330788801810114,0.00010330788801810114,0.00015482711161201543,0.00015482711161201543,0.0001323176602925785,0.0001323176602925785,0.0,0.0,0.0,0.0,0,0,0,0,0,0
W1,62234,0,0.0,14.0,14.0,14.0,14.0,13,13,0,0,0.0014221882572331066,0.0014221882572331066,0.0015315014846120965,0.0015315014846120965,0.0014221882572331066,0.0014221882572331066,0.0,0.0,0.0,0.0,0,0,1,1,1,1
W1,63417,0,0.0,73.0,63.0,57.92941311994016,57.92941311994016,48,48,0,0,0.0005086525722300935,0.0005086525730274587,0.0007283381574940046,0.000728338159320191,0.0006324337029621611,0.000632433703953566,7.973652120518704e-13,1.8261863375668153e-12,9.914048748616011e-13,1.9403966280973073e-13,0,0,1,1,1,1
W1,63993,1,0.013909220695495605,23.0,18.0,18.0,18.0,17,17,0,0,0.00034966342165949243,0.0003495434112064389,0.0008396504674362539,0.000839649220059816,0.00042913238112755886,0.0004289850955715387,-1.2001045305350816e-07,-1.2473764379261967e-09,-1.4728555602016528e-07,-2.7275102966657118e-08,0,0,0,0,0,0
W1,64703,0,0.0,24.0,20.0,20.0,20.0,19,19,0,0,0.00014060221823530838,0.00014060221823530838,0.0002725826335248957,0.0002725826335248957,0.00016403592127452646,0.00016403592127452646,0.0,0.0,0.0,0.0,0,0,0,0,0,0
W1,65881,0,0.0,100.0,83.0,73.0,73.0,62,62,0,0,0.0004146733124668245,0.0004146733171234374,0.0008313683623306065,0.000831368374112166,0.0005600782402149318,0.0005600782465043829,4.656612877414201e-12,1.1781559560407329e-11,6.289451056316897e-12,1.6328381789026958e-12,0,0,0,0,1,1
W1,65970,0,0.0,100.0,97.0,84.4454147277508,84.4454147277508,73,73,0,0,4.8404707963792536e-05,4.840470781827339e-05,0.00012145312502906001,0.00012145312464438146,5.691747439627211e-05,5.691747422516101e-05,-1.45519149031062e-13,-3.8467854932260764e-13,-1.7111109756754242e-13,-2.559194853648042e-14,0,0,0,0,0,0
W1,66106,0,0.0,100.0,95.0,82.18326109983025,82.18326109983025,72,72,0,0,9.305749750744816e-05,9.305749692537155e-05,0.00017550874120168114,0.00017550873982926087,0.0001122953531494258,0.000112295352447016,-5.820766096767752e-13,-1.3724202709616135e-12,-7.024097964511075e-13,-1.2033318677433236e-13,0,0,0,0,0,0
W1,66551,0,0.0,82.0,71.0,56.97162388376015,56.97162388376015,49,49,0,0,0.0002178984623685942,0.00021732175009230736,0.0003198420688539403,0.00031894327182147735,0.00030734408188675983,0.00030653063371855583,-5.767122762868502e-07,-8.987970324629687e-07,-8.134481682039985e-07,-2.3673589191714828e-07,0,0,0,0,0,0
W1,66855,0,0.0,61.0,41.0,34.13835533736131,34.13835533736131,30,30,0,0,0.00015257186047867006,0.00015257186047867006,0.0014948761232495029,0.0014948761232495029,0.0002600314261952046,0.0002600314261952046,0.0,0.0,0.0,0.0,0,0,0,0,0,0
W1,67032,0,0.0,89.0,78.0,60.21099846842276,60.21099846842276,54,54,0,0,0.00015139230118245837,0.00015139230118245837,0.00027427653386271966,0.00027427653386271966,0.0002192690402858716,0.0002192690402858716,0.0,0.0,0.0,0.0,0,0,0,0,0,0
W1,67596,0,0.0,69.0,57.0,56.52604068932516,56.52604068932516,47,47,0,0,0.00018909792267172765,0.00018909792267172765,0.0002575404035277119,0.0002575404035277119,0.00022806957464625182,0.00022806957464625182,0.0,0.0,0.0,0.0,0,0,0,0,0,0
W1,68732,0,0.0,78.0,67.0,64.90031509198826,64.90031509198826,53,53,0,0,0.000382496212038105,0.00038249621278435705,0.0005470816159500951,0.0005470816168372254,0.0004552183737512646,0.00045521837463939797,7.462520727231914e-13,8.871303214599835e-13,8.881333710998585e-13,1.4188129837666708e-13,0,0,0,0,0,0
W1,69372,0,0.0,63.0,59.0,57.0,57.0,47,47,0,0,0.00011017717930729794,0.00011017717953828073,0.0001250756161797193,0.00012507561641087307,0.00012101427891129447,0.00012101427916499685,2.3098278118752896e-13,2.311537734226571e-13,2.537023867897614e-13,2.2719605602232462e-14,0,0,0,0,0,0
W1,69423,0,0.0,100.0,99.0,83.83126686800902,83.83126686800902,73,73,0,0,0.00043587328381306634,0.0004358676661917116,0.0006874618146571037,0.0006874555927221719,0.0005161125773658839,0.0005161059256045951,-5.617621354745729e-09,-6.2219349317898034e-09,-6.651761288805312e-09,-1.034139934059583e-09,0,0,0,0,0,0
W1,69717,0,0.0,91.0,80.0,63.29825730877331,63.29825730877331,56,56,0,0,0.00039731406898499286,0.00039731406898499286,0.0007099373128735417,0.0007099373128735417,0.0005608590484059049,0.0005608590484059049,0.0,0.0,0.0,0.0,0,0,0,0,1,1
W1,70271,0,0.0,24.0,22.0,21.886397549009562,21.886397549009562,18,18,0,0,0.0005498858640341867,0.0005498858640341867,0.0006976513211939776,0.0006976513211939776,0.0005947835794380869,0.0005947835794380869,0.0,0.0,0.0,0.0,0,0,0,0,1,1
W1,70472,0,0.0,100.0,98.0,85.7076745124632,85.7076745124632,73,73,0,0,7.269093546709238e-05,7.23928857587297e-05,0.0001150741398034048,0.00011471092764631308,8.427213535144428e-05,8.392660003533917e-05,-2.980497083626731e-07,-3.632121570917228e-07,-3.455353161051076e-07,-4.74856077424345e-08,0,0,0,0,0,0
W1,70602,0,0.0,99.0,96.0,66.96557661404847,66.96557661404847,56,56,0,0,2.5277570750945138e-05,2.5277570750945138e-05,3.9610358566021196e-05,3.9610358566021196e-05,3.6688066405873996e-05,3.6688066405873996e-05,0.0,0.0,0.0,0.0,0,0,0,0,0,0
W1,71993,0,0.0,26.0,21.0,19.121211015401183,19.121211015401183,16,16,0,0,0.0008337677424536266,0.0008337677424536266,0.0012015421701763124,0.0012015421701763124,0.0010818218931935469,0.0010818218931935469,0.0,0.0,0.0,0.0,0,0,1,1,1,1
W1,73018,0,0.0,78.0,66.0,61.0,61.0,49,49,0,0,8.641633701938618e-06,8.641633701938618e-06,1.5159884250909912e-05,1.5159884250909912e-05,1.0901753285522564e-05,1.0901753285522564e-05,0.0,0.0,0.0,0.0,0,0,0,0,0,0
W1,73480,0,0.0,73.0,62.0,61.00000010551372,61.00000010551372,50,50,0,0,0.00016512438643071975,0.00016512438643071975,0.0002201017256719918,0.0002201017256719918,0.0001956088882234769,0.0001956088882234769,0.0,0.0,0.0,0.0,0,0,0,0,0,0
W1,73717,0,0.0,16.0,16.0,16.0,16.0,14,14,0,0,0.0002638632170146593,0.0002638632170146593,0.00034665581569662897,0.00034665581569662897,0.0002638632170146593,0.0002638632170146593,0.0,0.0,0.0,0.0,0,0,0,0,0,0
W1,74229,0,0.0,97.0,84.0,57.739569602333205,57.739569602333205,49,49,0,0,8.986666045934888e-05,8.986666045934888e-05,0.00019912506687848235,0.00019912506687848235,0.00014701321640005774,0.00014701321640005774,0.0,0.0,0.0,0.0,0,0,0,0,0,0
W1,74502,0,0.0,75.0,62.0,57.0,57.0,46,46,0,0,0.00011428613815767097,0.00011428613888526673,0.0001780148909615767,0.0001780148924253265,0.00014800991663042635,0.00014800991757272247,7.275957587078372e-13,1.4637498027894602e-12,9.422961271942504e-13,2.1470036848641322e-13,0,0,0,0,0,0
W1,74893,1,10.395813941955566,100.0,94.0,75.58478411042836,75.58478411042836,67,67,0,0,8.35951504657828e-05,8.236744539573237e-05,0.00014734708573850233,0.00014429284338108266,0.00010924067641344787,0.00010763633296121108,-1.2277050700504333e-06,-3.0542423574196707e-06,-1.6043434522367911e-06,-3.7663838218635786e-07,0,0,0,0,0,0
W1,75723,1,1.2203494310379028,70.0,67.0,59.09454763349937,60.09454763349937,52,53,0,0,0.0005520941476354275,0.0005530830968337698,0.000735620072329035,0.0007262795600873301,0.0006475197692570527,0.0006385589832029276,9.88949198342374e-07,-9.340512241704933e-06,-8.960786054125133e-06,-9.949735252467507e-06,0,0,1,1,1,1
W1,76678,0,0.0,93.0,64.0,53.322884062357836,53.322884062357836,48,48,0,0,3.152571804664125e-05,3.152571804664125e-05,8.291462973916381e-05,8.291462973916381e-05,5.334683871100428e-05,5.334683871100428e-05,0.0,0.0,0.0,0.0,0,0,0,0,0,0
W1,76896,0,0.0,96.0,51.0,46.50232594463928,46.50232594463928,39,39,0,0,2.0911919374437278e-05,2.0911919374437278e-05,9.994657006960863e-05,9.994657006960863e-05,4.1407834160670054e-05,4.1407834160670054e-05,0.0,0.0,0.0,0.0,0,0,0,0,0,0
W1,76939,0,0.0,15.0,11.0,10.0,10.0,9,9,0,0,4.945428263454232e-05,4.945428263454232e-05,8.781223741568105e-05,8.781223741568105e-05,6.711652643259315e-05,6.711652643259315e-05,0.0,0.0,0.0,0.0,0,0,0,0,0,0
W1,76941,0,0.0,100.0,97.0,77.4712196000378,77.4712196000378,67,67,0,0,0.00021257201321621898,0.00021256125935086522,0.0003547768519426998,0.00035476377250359616,0.0002713533623654815,0.00027133963479392576,-1.0753865353763103e-08,-1.307943910366623e-08,-1.3727571555725328e-08,-2.9737062019622243e-09,0,0,0,0,0,0
W1,77456,0,0.0,96.0,74.0,60.396954113593964,60.396954113593964,51,51,0,0,0.00010652704124816208,0.00010652704155132697,0.0004690097347555825,0.00046900973627122855,0.0001654224842067097,0.00016542248467748492,3.0316489607346703e-13,1.5156460613473255e-12,4.707752200225346e-13,1.6761032394906755e-13,0,0,0,0,0,0
W1,78055,0,0.0,91.0,73.0,56.29209975325847,56.29209975325847,49,49,0,0,0.0006786506344877448,0.0006786506357670341,0.0013130075740010912,0.0013130075756862562,0.0010693243483007307,0.0010693243503164588,1.2792892830140734e-12,1.6851650283533637e-12,2.0157280792437726e-12,7.364387962296992e-13,0,0,1,1,1,1
W1,78435,0,0.0,83.0,72.0,63.51971583543627,63.51971583543627,54,54,0,0,0.0007109324130524725,0.0007109324151563639,0.0011037530512334939,0.0011037530540299555,0.0009160453235068841,0.0009160453262177746,2.1038913883622556e-12,2.7964616299697154e-12,2.7108904314052107e-12,6.06999043042955e-13,0,0,1,1,1,1
W1,79268,0,0.0,55.0,54.0,45.95507339427611,45.95507339427611,45,45,0,0,0.00036052355303090944,0.00036052355303401,0.0022340224751667154,0.0022340224753015963,0.00042580038789935776,0.00042580038790301976,3.1005471627654213e-15,1.3488082178936267e-13,3.66200125778704e-15,5.614540950216185e-16,0,0,0,0,0,0
W1,81432,0,0.0,67.0,59.0,57.999999902097024,57.999999902097024,48,48,0,0,0.00016346916836458246,0.00016346916836458246,0.0002057861590481185,0.0002057861590481185,0.00018719856406794602,0.00018719856406794602,0.0,0.0,0.0,0.0,0,0,0,0,0,0
W1,81609,0,0.0,98.0,91.0,76.01196204222416,76.01196204222416,63,63,0,0,5.9343463654705013e-05,5.9343463654705013e-05,8.472895517096427e-05,8.472895517096427e-05,7.565160431368483e-05,7.565160431368483e-05,0.0,0.0,0.0,0.0,0,0,0,0,0,0
W1,83186,0,0.0,92.0,85.0,73.98260182001694,73.98260182001694,64,64,0,0,0.00017018431373698936,0.00017018431373698936,0.000347612633782584,0.000347612633782584,0.00020950434760381827,0.00020950434760381827,0.0,0.0,0.0,0.0,0,0,0,0,0,0
W1,84463,0,0.0,81.0,66.0,58.0,58.0,47,47,0,0,0.00014639822344918055,0.00014639822344918055,0.00024007736474046987,0.00024007736474046987,0.00020070724182548946,0.00020070724182548946,0.0,0.0,0.0,0.0,0,0,0,0,0,0
W1,84487,0,0.0,89.0,76.0,59.67736539000466,59.67736539000466,51,51,0,0,0.000330888790457832,0.000330888790457832,0.0006503672244689649,0.0006503672244689649,0.00048325896217761403,0.00048325896217761403,0.0,0.0,0.0,0.0,0,0,0,0,0,0
W1,84984,0,0.0,97.0,66.0,46.898861091059956,46.898861091059956,40,40,0,0,4.629691780495182e-05,4.629691780495182e-05,0.00013253290589220832,0.00013253290589220832,9.186823826833014e-05,9.186823826833014e-05,0.0,0.0,0.0,0.0,0,0,0,0,0,0
W1,87460,0,0.0,56.0,53.0,50.49077852512076,50.49077852512076,44,44,0,0,7.885026936014863e-05,7.885026529990442e-05,9.675780746564331e-05,9.675780314670575e-05,8.682232644974735e-05,8.682232197899727e-05,-4.060244206279505e-12,-4.3189375551399775e-12,-4.470750077653976e-12,-4.105058713744711e-13,0,0,0,0,0,0
W1,88248,0,0.0,65.0,59.0,57.008666085043245,57.008666085043245,48,48,0,0,0.0003243351348102736,0.00032433513301926865,0.0014602908890109345,0.0014602908761155104,0.00036681877736375056,0.00036681877533814746,-1.7910049528516159e-12,-1.2895424094869212e-11,-2.025603101050988e-12,-2.3459814819937197e-13,0,0,0,0,0,0
W1,90018,0,0.0,100.0,81.0,66.61001819018853,66.61001819018853,60,60,0,0,1.1106471752797449e-05,1.1106471752797449e-05,2.4272554353894126e-05,2.4272554353894126e-05,1.6358486966817346e-05,1.6358486966817346e-05,0.0,0.0,0.0,0.0,0,0,0,0,0,0
W1,91510,1,0.7213590145111084,98.0,96.0,74.2671214257039,74.2671214257039,64,64,0,0,0.0004733917004717587,0.0004715952665368168,0.0008215357964130993,0.0008197489261689462,0.000616937898935704,0.0006145967337308738,-1.7964339349418879e-06,-1.7868702441530384e-06,-2.341165204830173e-06,-5.44731269888285e-07,0,0,1,1,1,1
W1,91956,0,0.0,97.0,88.0,80.0,80.0,69,69,0,0,1.958711574232598e-06,1.958711574232598e-06,2.5471004757834325e-06,2.5471004757834325e-06,2.3551174880653855e-06,2.3551174880653855e-06,0.0,0.0,0.0,0.0,0,0,0,0,0,0
W1,92119,0,0.0,26.0,25.0,23.0,23.0,18,18,0,0,0.00021970378573034675,0.00021970378573034675,0.00028605794933492294,0.00028605794933492294,0.00024411531747816302,0.00024411531747816302,0.0,0.0,0.0,0.0,0,0,0,0,0,0
W1,92289,0,0.0,15.0,15.0,10.833603643132152,10.833603643132152,8,8,0,0,0.00016850565395240362,0.00016850565395240362,0.0002528099150153347,0.0002528099150153347,0.00021583476962983228,0.00021583476962983228,0.0,0.0,0.0,0.0,0,0,0,0,0,0
W1,92360,1,2.302834987640381,61.0,55.0,53.097693303572186,53.097693303572186,43,43,0,0,0.00028384917967355606,0.0002810541751853886,0.00046103424653329256,0.00045753807925586826,0.0003231338362600166,0.0003199520038387843,-2.7950044881674767e-06,-3.496167277424302e-06,-3.1818324212323085e-06,-3.8682793306483174e-07,0,0,0,0,0,0
W1,92369,1,3.088655710220337,67.0,56.0,50.31762345321983,50.31762345321983,45,45,0,0,0.00014601977514135795,0.0001452906903063455,0.00024315032222047242,0.0002421445942371551,0.00019086630408204756,0.00018991329804100702,-7.290848350124544e-07,-1.0057279833173129e-06,-9.530060410405409e-07,-2.239212060280865e-07,0,0,0,0,0,0
W1,92374,0,0.0,37.0,35.0,32.977145764288274,32.977145764288274,27,27,0,0,0.00020245291581668837,0.00020245291581668837,0.0008074720492555705,0.0008074720492555705,0.00022447837378786366,0.00022447837378786366,0.0,0.0,0.0,0.0,0,0,0,0,0,0
W1,93170,0,0.0,85.0,73.0,65.00270649427983,65.00270649427983,54,54,0,0,5.5087701796199614e-05,5.5087701796199614e-05,9.131030423423536e-05,9.131030423423536e-05,7.105236459483219e-05,7.105236459483219e-05,0.0,0.0,0.0,0.0,0,0,0,0,0,0
W1,93910,1,1.5937343835830688,84.0,75.0,68.37525517765167,68.37525517765167,59,59,0,0,0.0002753522005885866,0.00027461197019173513,0.00037869070419943086,0.0003776014911358754,0.0003347966593322322,0.0003338966241646458,-7.402303968514958e-07,-1.0892130635554759e-06,-9.000351675864213e-07,-1.5980477073492547e-07,0,0,0,0,0,0
W1,94426,1,16.16876792907715,100.0,90.0,71.06432845402512,71.06432857025507,61,61,0,0,0.0003819198861271156,0.00036636740303551906,0.000689270282809147,0.0006561455079919054,0.0005291417238422008,0.0005075940948440367,-1.5552483091596514e-05,-3.312477481724166e-05,-2.1547628998164117e-05,-5.9951459065676026e-06,0,0,0,0,0,0
W1,95796,1,0.1961027979850769,100.0,100.0,78.55306045413107,78.84805627870955,70,70,0,0,3.194374758374252e-05,3.190151774157712e-05,5.61430882477276e-05,5.598538569894278e-05,4.024259949217882e-05,4.0046296728588724e-05,-4.2229842165398255e-08,-1.5770254878481893e-07,-1.9630276359009407e-07,-1.5407292142469582e-07,0,0,0,0,0,0
W1,96877,0,0.0,88.0,72.0,63.3732657151437,63.3732657151437,61,61,0,0,0.00010049083409334059,0.00010049083322518656,0.0002043768880887024,0.0002043768859764904,0.00013722292720195798,0.00013722292601647037,-8.681540322784745e-13,-2.1122119895147784e-12,-1.1854876076026338e-12,-3.1733357532415934e-13,0,0,0,0,0,0
W1,97169,0,0.0,72.0,60.0,55.0,55.0,46,46,0,0,0.0005418762880628604,0.0005418762884670802,0.0008167143974638184,0.0008167143978616717,0.0006980101337758879,0.000698010134296578,4.0421984336125316e-13,3.9785329978420103e-13,5.20690044900074e-13,1.1647020153882082e-13,0,0,1,1,1,1
W1,98341,0,0.0,15.0,15.0,14.996573069749328,14.996573069749328,10,10,0,0,0.00039883666904643177,0.0003988366671061764,0.00039203891188384566,0.0003920389100771924,0.0003989086180996223,0.0003989086161590169,-1.9402553565542324e-12,-1.8066532428070992e-12,-1.9406053912256194e-12,-3.500346713869451e-16,0,0,0,0,0,0
W1,98475,0,0.0,69.0,57.0,53.0,53.0,44,44,0,0,2.0099681066868435e-05,2.009968104050627e-05,3.175819740930041e-05,3.175819738925515e-05,2.5741696804936765e-05,2.5741696771174696e-05,-2.636216575981412e-14,-2.0045258313471093e-14,-3.3762069203725764e-14,-7.399903443911643e-15,0,0,0,0,0,0
W1,98639,0,0.0,11.0,11.0,11.0,11.0,9,9,0,0,0.00018202850267037073,0.00018202850267037073,0.00018028806452992797,0.00018028806452992797,0.00018202850267037073,0.00018202850267037073,0.0,0.0,0.0,0.0,0,0,0,0,0,0
W1,99710,0,0.0,16.0,14.0,10.0,10.0,7,7,0,0,0.00011533990527823335,0.00011533990527823335,0.00016940321829716888,0.00016940321829716888,0.00016477129325461907,0.00016477129325461907,0.0,0.0,0.0,0.0,0,0,0,0,0,0
W1,100168,1,0.22583892941474915,67.0,56.0,50.09769664895635,50.09769664895635,45,45,0,0,5.19369862784001e-06,5.033493756010432e-06,7.608798544967865e-06,7.3278468687701085e-06,6.816419652198901e-06,6.606160313918562e-06,-1.602048718295783e-07,-2.8095167619775676e-07,-2.1025933828033912e-07,-5.0054466450760814e-08,0,0,0,0,0,0
W1,100661,0,0.0,86.0,73.0,63.34771280761886,63.34771280761886,57,57,0,0,7.209637025248066e-06,7.2096370358235855e-06,1.2121070363828735e-05,1.2121070382600889e-05,9.634586019659471e-06,9.63458603379205e-06,1.0575519748660424e-14,1.8772154241220723e-14,1.413257870648034e-14,3.5570589578199155e-15,0,0,0,0,0,0
W1,100910,0,0.0,76.0,72.0,61.22395871965355,61.22395871965355,55,55,0,0,5.1742169825449846e-05,5.1742169825449846e-05,7.325538481412957e-05,7.325538481412957e-05,6.346400413731243e-05,6.346400413731243e-05,0.0,0.0,0.0,0.0,0,0,0,0,0,0
W1,101137,0,0.0,100.0,89.0,78.0022953356445,78.0022953356445,66,66,0,0,9.404349632856357e-06,9.404349632856357e-06,2.6850940443231718e-05,2.6850940443231718e-05,1.1927133963918744e-05,1.1927133963918744e-05,0.0,0.0,0.0,0.0,0,0,0,0,0,0
W1,101808,0,0.0,23.0,23.0,23.0,23.0,17,17,0,0,1.5053007483283695e-05,1.5053007483283695e-05,1.5706425517067947e-05,1.5706425517067947e-05,1.5053007483283695e-05,1.5053007483283695e-05,0.0,0.0,0.0,0.0,0,0,0,0,0,0
W1,101911,0,0.0,10.0,10.0,10.0,10.0,8,8,0,0,2.4268473524102775e-07,2.4268473524102775e-07,3.179723585375929e-07,3.179723585375929e-07,2.4268473524102775e-07,2.4268473524102775e-07,0.0,0.0,0.0,0.0,0,0,0,0,0,0
W1,102079,1,2.829689037753269e-05,91.0,73.0,61.0,61.0,50,50,0,0,1.2343342675990887e-05,1.2343297097024157e-05,2.4009744242818334e-05,2.400974417236882e-05,1.804027006490976e-05,1.8040203449496846e-05,-4.5578966729664856e-11,-7.044951238046118e-14,-6.661541291323866e-11,-2.1036446183573805e-11,0,0,0,0,0,0
W1,103365,0,0.0,74.0,63.0,61.0,61.0,54,54,0,0,3.31842240928613e-06,3.31842240928613e-06,4.667848405677413e-06,4.667848405677413e-06,3.982106891143355e-06,3.982106891143355e-06,0.0,0.0,0.0,0.0,0,0,0,0,0,0
W1,103656,0,0.0,84.0,69.0,58.409877096466204,58.409877096466204,53,53,0,0,8.351097013398723e-07,8.351097013398723e-07,1.3697965634235122e-06,1.3697965634235122e-06,1.1775324217401786e-06,1.1775324217401786e-06,0.0,0.0,0.0,0.0,0,0,0,0,0,0
W1,103931,0,0.0,80.0,64.0,60.0,60.0,53,53,0,0,6.866514628761644e-06,6.866514628761644e-06,9.133571562671052e-06,9.133571562671052e-06,9.012300450249657e-06,9.012300450249657e-06,0.0,0.0,0.0,0.0,0,0,0,0,0,0
W1,104791,0,0.0,39.0,30.0,28.08022187439519,28.08022187439519,22,22,0,0,2.8877802714458808e-05,2.8877802714458808e-05,0.00018683585681580968,0.00018683585681580968,3.8707510240533195e-05,3.8707510240533195e-05,0.0,0.0,0.0,0.0,0,0,0,0,0,0
W1,104935,0,0.0,71.0,65.0,61.77522266980487,61.77522266980487,50,50,0,0,1.0063744243728366e-05,1.0063744243728366e-05,1.2988403639253133e-05,1.2988403639253133e-05,1.1475154133170593e-05,1.1475154133170593e-05,0.0,0.0,0.0,0.0,0,0,0,0,0,0
W1,105725,0,0.0,57.0,53.0,51.093866096038475,51.093866096038475,45,45,0,0,2.8893280281668842e-05,2.8893280313580933e-05,3.489200209436535e-05,3.489200212706458e-05,3.199067740335128e-05,3.1990677438684397e-05,3.191209164868196e-14,3.26992325903018e-14,3.533311880923873e-14,3.4210271605567694e-15,0,0,0,0,0,0
W1,106211,1,0.8900343179702759,77.0,70.0,59.81327393634391,59.81327393634391,54,54,0,0,3.0588718911344097e-05,3.054647165403832e-05,4.479082688287737e-05,4.471623162619448e-05,3.8827129200273526e-05,3.8773503557351934e-05,-4.224725730577974e-08,-7.459525668289304e-08,-5.3625642921592445e-08,-1.1378385615812704e-08,0,0,0,0,0,0
W1,106884,0,0.0,12.0,12.0,11.0,11.0,11,11,0,0,7.368304311713055e-06,7.368304311713055e-06,9.05434080704954e-06,9.05434080704954e-06,7.859524599160592e-06,7.859524599160592e-06,0.0,0.0,0.0,0.0,0,0,0,0,0,0
W1,107000,0,0.0,84.0,69.0,60.430343567662824,60.430343567662824,50,50,0,0,1.7907017997515723e-05,1.7907017965033767e-05,4.1542289505692554e-05,4.1542289431388026e-05,2.445769332467562e-05,2.4457693280311245e-05,-3.248195508680392e-14,-7.430452873000495e-14,-4.4364373828244263e-14,-1.1882418741440345e-14,0,0,0,0,0,0
W1,107028,0,0.0,65.0,54.0,52.0,52.0,43,43,0,0,6.4198963033189875e-06,6.4198963033189875e-06,9.149258999966697e-06,9.149258999966697e-06,7.910229373732322e-06,7.910229373732322e-06,0.0,0.0,0.0,0.0,0,0,0,0,0,0
W1,107133,0,0.0,26.0,18.0,17.0,17.0,15,15,0,0,9.306534174413628e-05,9.306534174413628e-05,0.00016120081649590196,0.00016120081649590196,0.00013295048820590897,0.00013295048820590897,0.0,0.0,0.0,0.0,0,0,0,0,0,0
W1,107539,0,0.0,8.0,8.0,0.0009115042792496269,0.0009115042792496269,0,0,0,0,1.4380950119630143e-07,1.4380950119630143e-07,1.1504760095704114e-06,1.1504760095704114e-06,1.4380950119630143e-07,1.4380950119630143e-07,0.0,0.0,0.0,0.0,1,1,0,0,0,0
W1,107750,0,0.0,63.0,57.0,55.00207709923496,55.00207709923496,46,46,0,0,6.71586109783677e-05,6.71586109783677e-05,0.00011700823688417504,0.00011700823688417504,7.626217849894948e-05,7.626217849894948e-05,0.0,0.0,0.0,0.0,0,0,0,0,0,0
W1,107820,0,0.0,100.0,89.0,76.48885109979095,76.48885109979095,67,67,0,0,1.6270865108567873e-05,1.6270865108532345e-05,3.740234018766168e-05,3.7402340187660416e-05,2.1023656670078294e-05,2.102365667003239e-05,-3.5527949939634373e-17,-1.2671612890924333e-18,-4.590579760939406e-17,-1.0377847669759688e-17,0,0,0,0,0,0
W1,108248,0,0.0,74.0,68.0,59.362156703035986,59.362156703035986,53,53,0,0,3.805741703893767e-05,3.805741703893767e-05,6.232665845388149e-05,6.232665845388149e-05,4.684939218451357e-05,4.684939218451357e-05,0.0,0.0,0.0,0.0,0,0,0,0,0,0
W1,108343,0,0.0,10.0,10.0,1.0,1.0,1,1,0,0,1.7416726041119546e-05,1.7416726041119546e-05,0.00017416726041119546,0.00017416726041119546,1.7416726041119546e-05,1.7416726041119546e-05,0.0,0.0,0.0,0.0,0,0,0,0,0,0
W1,108715,0,0.0,29.0,28.0,25.93597544522784,25.93597544522784,22,22,0,0,0.00046557094335833725,0.00046557094335833725,0.0007339118330718587,0.0007339118330718587,0.0005132233342098867,0.0005132233342098867,0.0,0.0,0.0,0.0,0,0,0,0,0,0
W1,109290,1,1.1446683406829834,21.0,15.0,13.645054702260424,13.645054702260424,14,14,0,0,6.165840108451099e-05,5.4024472765481924e-05,0.00024361399055990922,0.0002227088250638225,8.735932266139734e-05,7.654336254134863e-05,-7.633928319029069e-06,-2.0905165496086715e-05,-1.0815960120048716e-05,-3.1820318010196468e-06,0,0,0,0,0,0
W1,109369,0,0.0,36.0,36.0,26.45609585891571,26.45609585891571,28,28,0,0,0.00019048126331132497,0.00019048126328606121,0.0022145756194154875,0.0022145756194135702,0.00025017160990523156,0.000250171609872051,-2.526375376260548e-14,-1.917303121823366e-15,-3.318054381598601e-14,-7.916790053380529e-15,0,0,0,0,0,0
W1,109765,0,0.0,20.0,20.0,20.0,20.0,14,14,0,0,0.00030459461013094825,0.00030459461013094825,0.0004959090849710042,0.0004959090849710042,0.00030459461013094825,0.00030459461013094825,0.0,0.0,0.0,0.0,0,0,0,0,0,0
W1,110391,0,0.0,52.0,46.0,28.65116134115193,28.65116137513538,29,29,0,0,7.452998923624948e-05,7.45299892187592e-05,0.0025781417516862115,0.0025781417513838683,0.00012782636898031767,0.00012782636881727793,-1.7490281683900377e-14,-3.0234321990452173e-13,-1.630397477182105e-13,-1.4554946603431013e-13,0,0,0,0,0,0
W1,110566,0,0.0,26.0,21.0,8.657596623635055,8.657596623635055,7,7,1,1,9.204634777521408e-05,9.204634777521408e-05,0.0006507620522837616,0.0006507620522837616,0.00018409269555042817,0.00018409269555042817,0.0,0.0,0.0,0.0,0,0,0,0,0,0
W1,111214,0,0.0,74.0,68.0,65.8540732646391,65.8540732646391,56,56,0,0,0.00027911853516154433,0.00027911853044200425,0.0005504474951701251,0.0005504474885335476,0.00031166751951773873,0.00031166751424783665,-4.719540079925477e-12,-6.636577463796367e-12,-5.269902081991157e-12,-5.503620020656796e-13,0,0,0,0,0,0
W1,112458,0,0.0,20.0,16.0,16.0,16.0,16,16,0,0,4.858000952445707e-05,4.858000952445707e-05,0.00011565140759288863,0.00011565140759288863,5.829601142934848e-05,5.829601142934848e-05,0.0,0.0,0.0,0.0,0,0,0,0,0,0
W1,112502,0,0.0,41.0,32.0,17.243077193283305,17.24307719235921,18,18,1,1,4.334741010904415e-05,4.3347410097952745e-05,0.0005090498636722977,0.0005090498638847927,8.66948202180883e-05,8.669482019590549e-05,-1.1091401777053866e-14,2.1249506060999623e-13,-2.2182803554107733e-14,-1.1091401777053866e-14,0,0,0,0,0,0
W1,112764,0,0.0,80.0,80.0,73.18943258633146,73.18943264556677,66,66,0,0,0.0001365028639118148,0.0001365028636403875,0.0010312005732347766,0.0010312005725502142,0.00014854676585124765,0.00014854676544187674,-2.714273033763148e-13,-6.84562432781699e-13,-4.093709149877861e-13,-1.3794361161147128e-13,0,0,0,0,0,0
W1,113178,0,0.0,11.0,11.0,10.003090933072311,10.003090933072311,9,9,0,0,6.925601688126645e-05,6.925601688126645e-05,0.00010625873430190209,0.00010625873430190209,7.418649626601209e-05,7.418649626601209e-05,0.0,0.0,0.0,0.0,0,0,0,0,0,0
W1,113661,0,0.0,23.0,20.0,20.0,20.0,18,18,0,0,0.00011467365118772685,0.00011467365118772685,0.00016373693560979902,0.00016373693560979902,0.0001290078575861927,0.0001290078575861927,0.0,0.0,0.0,0.0,0,0,0,0,0,0
W1,113713,0,0.0,96.0,85.0,76.01197109896282,76.01197109896282,67,67,0,0,0.00017662089575771946,0.00017662089515138967,0.0007115408636426278,0.0007115408619799945,0.0002207430879802547,0.00022074308722245587,-6.063297921469341e-13,-1.6626332472249872e-12,-7.57798825860162e-13,-1.5146903371322795e-13,0,0,0,0,0,0
W1,114138,0,0.0,12.0,12.0,0.0,0.0,0,0,0,0,0.0,0.0,0.0,0.0,0.0,0.0,0.0,0.0,0.0,0.0,1,1,0,0,0,0
W1,115537,1,0.03561895340681076,72.0,64.0,52.7042761990868,52.7042761990868,48,48,0,0,2.0257233836449037e-05,2.025326357706852e-05,3.339801101109482e-05,3.3394973268089134e-05,2.7150505654367576e-05,2.7145184367629692e-05,-3.970259380516093e-09,-3.0377430056878507e-09,-5.321286737883544e-09,-1.3510273573674508e-09,0,0,0,0,0,0
W1,115752,0,0.0,77.0,69.0,60.182473246278015,60.182473246278015,53,53,0,0,3.717116943606653e-05,3.717116943606653e-05,5.1523893056478426e-05,5.1523893056478426e-05,4.691101124707735e-05,4.691101124707735e-05,0.0,0.0,0.0,0.0,0,0,0,0,0,0
W1,115993,0,0.0,82.0,67.0,62.790463881375345,62.790463881375345,56,56,0,0,2.6531131704724733e-05,2.6531131704724733e-05,3.782545683441862e-05,3.782545683441862e-05,3.416172300672667e-05,3.416172300672667e-05,0.0,0.0,0.0,0.0,0,0,0,0,0,0
W1,116149,0,0.0,11.0,11.0,11.0,11.0,9,9,0,0,3.1399673720112666e-05,3.1399673720112666e-05,3.08447125308409e-05,3.08447125308409e-05,3.1399673720112666e-05,3.1399673720112666e-05,0.0,0.0,0.0,0.0,0,0,0,0,0,0
W1,116305,0,0.0,13.0,13.0,13.0,13.0,10,10,0,0,0.0004545166873588012,0.0004545166873588012,0.0004984622650553896,0.0004984622650553896,0.0004545166873588012,0.0004545166873588012,0.0,0.0,0.0,0.0,0,0,0,0,0,0
W1,116914,0,0.0,83.0,66.0,55.0,55.0,50,50,0,0,4.659404834844927e-06,4.659404834844927e-06,9.538106712401894e-06,9.538106712401894e-06,6.870647807313707e-06,6.870647807313707e-06,0.0,0.0,0.0,0.0,0,0,0,0,0,0
W1,117190,0,0.0,77.0,72.0,63.13569555787565,63.13569555787565,56,56,0,0,1.4590127021446322e-05,1.4590127021446322e-05,1.9106395016455055e-05,1.910639497957069e-05,1.7603158482485043e-05,1.7603158482485043e-05,0.0,-3.688436478444489e-14,0.0,0.0,0,0,0,0,0,0
W1,117210,0,0.0,5.0,5.0,5.0,5.0,4,4,0,0,0.000220046707909205,0.000220046707909205,0.00023709307905066075,0.00023709307905066075,0.000220046707909205,0.000220046707909205,0.0,0.0,0.0,0.0,0,0,0,0,0,0
W1,117387,1,0.07033497095108032,67.0,57.0,54.66279270665148,54.66279270665148,49,49,0,0,9.594187401316687e-06,9.469861437106483e-06,1.3282198716924083e-05,1.3121958227008952e-05,1.1611914027002133e-05,1.1461441418187455e-05,-1.2432596421020433e-07,-1.6024048991513057e-07,-1.5047260881467823e-07,-2.61466446044739e-08,0,0,0,0,0,0
W1,117570,1,0.033212680369615555,71.0,64.0,55.43484762467172,56.43484762467172,50,51,0,0,1.5869697369427586e-05,1.5914059020706447e-05,2.1526781842345985e-05,2.133677967138528e-05,2.0025748366064616e-05,1.974944048780444e-05,4.436165127886174e-08,-1.9000217096070383e-07,-2.763078782601774e-07,-3.206695295390391e-07,0,0,0,0,0,0
W1,118171,0,0.0,96.0,71.0,53.22257746573661,53.22257746573661,48,48,0,0,2.2374283069013603e-06,2.2374283069013603e-06,7.510693429066724e-06,7.510693429066724e-06,3.910044611746254e-06,3.910044611746254e-06,0.0,0.0,0.0,0.0,0,0,0,0,0,0
W1,118332,0,0.0,14.0,14.0,12.000156312786828,12.000156312786828,11,11,0,0,0.00013795175786858658,0.00013795175786858658,0.00017777565088876506,0.00017777565088876506,0.00015519421142467943,0.00015519421142467943,0.0,0.0,0.0,0.0,0,0,0,0,0,0
W1,119664,0,0.0,96.0,40.0,36.0,36.0,33,33,1,1,2.583012417457555e-06,2.5830124079836516e-06,1.1490730678915329e-05,1.149073064133767e-05,5.16602483491511e-06,5.166024815967303e-06,-9.473903425812318e-15,-3.757765955770664e-14,-1.8947806851624636e-14,-9.473903425812318e-15,0,0,0,0,0,0
W1,120388,0,0.0,66.0,64.0,57.32365139884044,57.32365139884044,52,52,0,0,2.2564577026822956e-05,2.2564577026822956e-05,3.6024722287242894e-05,3.6024722287242894e-05,2.5757115824767635e-05,2.5757115824767635e-05,0.0,0.0,0.0,0.0,0,0,0,0,0,0
W1,121301,0,0.0,15.0,15.0,14.088707439211401,14.088707439211401,10,10,0,0,1.6235256331735097e-05,1.6235256331735097e-05,1.910851323342313e-05,1.910851323342313e-05,1.705317371844314e-05,1.705317371844314e-05,0.0,0.0,0.0,0.0,0,0,0,0,0,0
W1,121587,0,0.0,6.0,6.0,6.0,6.0,5,5,0,0,1.9515160223212053e-05,1.9515160223212053e-05,2.295550926150469e-05,2.295550926150469e-05,1.9515160223212053e-05,1.9515160223212053e-05,0.0,0.0,0.0,0.0,0,0,0,0,0,0
W1,122147,0,0.0,6.0,6.0,0.0,0.0,0,0,0,0,0.0,0.0,0.0,0.0,0.0,0.0,0.0,0.0,0.0,0.0,1,1,0,0,0,0
W1,122576,0,0.0,25.0,25.0,25.0,25.0,19,19,0,0,0.00042343026059256774,0.00042343026059256774,0.0004012468531029068,0.0004012468531029068,0.00042343026059256774,0.00042343026059256774,0.0,0.0,0.0,0.0,0,0,0,0,0,0
W1,124066,0,0.0,9.0,9.0,0.0,0.0,0,0,0,0,0.0,0.0,0.0,0.0,0.0,0.0,0.0,0.0,0.0,0.0,1,1,0,0,0,0
W1,124256,0,0.0,13.0,13.0,0.0,0.0,0,0,0,0,0.0,0.0,0.0,0.0,0.0,0.0,0.0,0.0,0.0,0.0,1,1,0,0,0,0
W1,124274,0,0.0,18.0,18.0,17.793212755468776,17.793212755468776,12,12,0,0,0.00032279098781550094,0.00032279098781550094,0.00032897110112368403,0.00032897110112368403,0.0003258538248409014,0.0003258538248409014,0.0,0.0,0.0,0.0,0,0,0,0,0,0
W1,124291,0,0.0,12.0,12.0,0.0,0.0,0,0,0,0,0.0,0.0,0.0,0.0,0.0,0.0,0.0,0.0,0.0,0.0,1,1,0,0,0,0
W1,125143,0,0.0,30.0,27.0,25.0,25.0,19,19,0,0,7.347679110433583e-05,7.347679110433583e-05,9.154926054315559e-05,9.154926054315559e-05,8.614520336370409e-05,8.614520336370409e-05,0.0,0.0,0.0,0.0,0,0,0,0,0,0
W1,125174,0,0.0,17.0,14.0,2.0,2.0,2,2,0,0,1.2354338375326494e-06,1.2354338375326494e-06,2.0895419078115976e-05,2.0895419078115976e-05,1.2354338375326494e-06,1.2354338375326494e-06,0.0,0.0,0.0,0.0,0,0,0,0,0,0
W1,125662,0,0.0,13.0,13.0,0.0,0.0,0,0,0,0,0.0,0.0,0.0,0.0,0.0,0.0,0.0,0.0,0.0,0.0,1,1,0,0,0,0
W1,126721,0,0.0,26.0,20.0,18.092605662411753,18.092605662411753,16,16,0,0,0.00011674983551657192,0.00011674983551657192,0.00030790240621210435,0.00030790240621210435,0.00015853698377716872,0.00015853698377716872,0.0,0.0,0.0,0.0,0,0,0,0,0,0
W1,130143,0,0.0,10.0,10.0,0.0,0.0,0,0,0,0,0.0,0.0,0.0,0.0,0.0,0.0,0.0,0.0,0.0,0.0,1,1,0,0,0,0
W1,130858,0,0.0,25.0,22.0,21.005167292500932,21.005167292500932,19,19,0,0,0.0005020321285610407,0.0005020321285610407,0.0006550257916440217,0.0006550257916440217,0.0005822369255908324,0.0005822369255908324,0.0,0.0,0.0,0.0,0,0,0,0,1,1
W1,130913,0,0.0,54.0,49.0,37.910814259193614,37.910814259193614,33,33,0,0,2.4396368585161e-05,2.4396368585161e-05,0.000170840945708074,0.00017084094571501185,3.376191570004975e-05,3.376191570004975e-05,0.0,6.937836806789055e-15,0.0,0.0,0,0,0,0,0,0
W1,130925,0,0.0,19.0,15.0,15.0,15.0,14,14,0,0,0.00010047370399079407,0.00010047370399079407,0.0001625479987685148,0.0001625479987685148,0.0001216260627256981,0.0001216260627256981,0.0,0.0,0.0,0.0,0,0,0,0,0,0
W1,131189,0,0.0,57.0,53.0,49.0,49.0,41,41,0,0,6.0760195801514235e-06,6.0760195801514235e-06,1.7077222237221995e-05,1.7077222237221995e-05,6.993154611117676e-06,6.993154611117676e-06,0.0,0.0,0.0,0.0,0,0,0,0,0,0
W1,131330,0,0.0,29.0,28.0,26.0,26.0,20,20,0,0,1.2796767883816661e-05,1.2796767883816661e-05,1.5889345840477187e-05,1.5889345840477187e-05,1.4076444672198327e-05,1.4076444672198327e-05,0.0,0.0,0.0,0.0,0,0,0,0,0,0
W1,131804,0,0.0,98.0,76.0,64.99504869701892,64.99504869701892,55,55,0,0,3.4453244108744604e-06,3.4453252925274878e-06,1.2897845185630672e-05,1.2897848117364817e-05,5.093453755680572e-06,5.093455059087273e-06,8.816530273757933e-13,2.931734145204877e-12,1.3034067013493805e-12,4.217536739735872e-13,0,0,0,0,0,0
W1,131826,0,0.0,19.0,16.0,15.63921144684663,15.63921144684663,15,15,0,0,4.860360117367311e-05,4.860360117367311e-05,7.097790401397813e-05,7.097790403937561e-05,5.692096294293804e-05,5.692096294293804e-05,0.0,2.539747654805441e-14,0.0,0.0,0,0,0,0,0,0
W1,132155,1,1.8461438457961776e-06,78.0,70.0,59.53444173542321,59.53444173542321,55,55,0,0,2.628232190787818e-05,2.6282324809136476e-05,4.2960992948915516e-05,4.2960992950169226e-05,3.392097793855991e-05,3.3920981683035724e-05,2.9012582944800205e-12,1.253710405890035e-15,3.7444758123166e-12,8.432175178365794e-13,0,0,0,0,0,0
W1,133308,1,2.1651899814605713,70.0,58.0,52.00536182970093,52.00536182970093,46,46,0,0,6.128338884508874e-05,6.0837498738283305e-05,9.193558351471545e-05,9.098746133341033e-05,8.097386797225489e-05,8.038471245525394e-05,-4.458901068054349e-07,-9.481221813051175e-07,-5.891555170009467e-07,-1.4326541019551179e-07,0,0,0,0,0,0
W1,134808,0,0.0,8.0,8.0,8.0,8.0,7,7,0,0,3.878648016097941e-06,3.878648016097941e-06,4.009177830600808e-06,4.009177830600808e-06,3.878648016097941e-06,3.878648016097941e-06,0.0,0.0,0.0,0.0,0,0,0,0,0,0
W1,135244,0,0.0,68.0,56.0,47.19226283422245,47.19226283422245,44,44,0,0,2.3796357131586508e-05,2.3796357131586508e-05,3.726295552568106e-05,3.726295552568106e-05,3.346868488745233e-05,3.346868488745233e-05,0.0,0.0,0.0,0.0,0,0,0,0,0,0
W1,136070,0,0.0,34.0,22.0,21.0,21.0,18,18,0,0,6.715095356781569e-06,6.715095356781569e-06,2.885567403572939e-05,2.885567403572939e-05,1.0206944942307985e-05,1.0206944942307985e-05,0.0,0.0,0.0,0.0,0,0,0,0,0,0
W1,137029,0,0.0,65.0,58.0,54.94020546241175,54.94020546241175,45,45,0,0,2.415004719296121e-05,2.4150047206953435e-05,3.243589570835104e-05,3.243589571882766e-05,2.827192818961271e-05,2.8271928205993096e-05,1.3992225347120302e-14,1.0476618487673117e-14,1.6380387308058755e-14,2.3881619609384536e-15,0,0,0,0,0,0
W1,137073,0,0.0,25.0,21.0,18.0,18.0,15,15,0,0,2.6921223798126447e-06,2.6921223798126447e-06,3.3014597425583234e-06,3.3014597425583234e-06,3.5487067733893954e-06,3.5487067733893954e-06,0.0,0.0,0.0,0.0,0,0,0,0,0,0
W1,137714,0,0.0,72.0,58.0,57.0,57.0,50,50,0,0,1.8524628878535367e-06,1.8524628878535367e-06,2.5776576099139483e-06,2.5776576099139483e-06,2.307986548801128e-06,2.307986548801128e-06,0.0,0.0,0.0,0.0,0,0,0,0,0,0
W1,137986,0,0.0,93.0,75.0,56.63496787664308,56.63496787664308,50,50,0,0,3.489911075936566e-05,3.489911075936566e-05,8.563966459502024e-05,8.563966459502024e-05,5.5829397824460166e-05,5.5829397824460166e-05,0.0,0.0,0.0,0.0,0,0,0,0,0,0
W1,138304,0,0.0,23.0,20.0,20.0,20.0,18,18,0,0,0.00014944988457443742,0.00014944988457443742,0.00017858299884015064,0.00017858299884015064,0.0001681311201462421,0.0001681311201462421,0.0,0.0,0.0,0.0,0,0,0,0,0,0
W1,138775,0,0.0,16.0,16.0,14.0,14.0,13,13,0,0,4.2847269639878505e-05,4.2847269639878505e-05,6.142460154366587e-05,6.142460154366587e-05,4.760807737764278e-05,4.760807737764278e-05,0.0,0.0,0.0,0.0,0,0,0,0,0,0
W1,139193,0,0.0,15.0,15.0,12.0,12.0,11,11,0,0,0.0004570049961330369,0.0004570049961330369,0.0005632854849366212,0.0005632854849366212,0.0005426934329079813,0.0005426934329079813,0.0,0.0,0.0,0.0,0,0,0,0,1,1
W1,139231,0,0.0,23.0,20.0,20.0,20.0,18,18,0,0,0.0005068606344093249,0.0005068606344093249,0.0006999902930008081,0.0006999902930008081,0.0005702182137104904,0.0005702182137104904,0.0,0.0,0.0,0.0,0,0,0,0,1,1
W1,139301,0,0.0,5.0,5.0,5.0,5.0,4,4,0,0,3.843727790808771e-05,3.843727790808771e-05,3.7567045712291755e-05,3.7567045712291755e-05,3.843727790808771e-05,3.843727790808771e-05,0.0,0.0,0.0,0.0,0,0,0,0,0,0
W1,139518,0,0.0,21.0,18.0,18.0,18.0,17,17,0,0,0.00014451051935707038,0.00014451051935707038,0.00018587893879714665,0.00018587893879714665,0.00016421649926939816,0.00016421649926939816,0.0,0.0,0.0,0.0,0,0,0,0,0,0
W1,140499,0,0.0,16.0,16.0,1.0013497292333828,1.0013497292333828,1,1,0,0,0.00013287026379771305,0.00013287026379771305,0.0021052996251419353,0.0021052996251419353,0.00013287026379771305,0.00013287026379771305,0.0,0.0,0.0,0.0,0,0,0,0,0,0
W1,140747,0,0.0,10.0,10.0,10.0,10.0,8,8,0,0,0.00019826135503535624,0.00019826135503535624,0.00021854362116901862,0.00021854362116901862,0.00019826135503535624,0.00019826135503535624,0.0,0.0,0.0,0.0,0,0,0,0,0,0
W1,141009,0,0.0,22.0,18.0,18.0,18.0,16,16,0,0,4.8693580455702346e-05,4.8693580455702346e-05,5.8789256108357025e-05,5.8789256108357025e-05,5.75469587203755e-05,5.75469587203755e-05,0.0,0.0,0.0,0.0,0,0,0,0,0,0
W1,141352,0,0.0,14.0,13.0,13.0,13.0,12,12,0,0,0.0001673917587530533,0.0001673917587530533,0.00020497739526220143,0.00020497739526220143,0.00017723833279735058,0.00017723833279735058,0.0,0.0,0.0,0.0,0,0,0,0,0,0
W1,141819,0,0.0,20.0,19.0,18.0,18.0,12,12,0,0,4.051339550414923e-05,4.051339550414923e-05,5.57067754298079e-05,5.57067754298079e-05,4.419643145907189e-05,4.419643145907189e-05,0.0,0.0,0.0,0.0,0,0,0,0,0,0
W1,142092,1,1.837436318397522,22.0,22.0,22.0,22.0,16,16,0,0,0.00048638202943865593,0.0004841488078620221,0.0006132864109771707,0.000610780262338037,0.00048638202943865593,0.0004841488078620221,-2.233221576633808e-06,-2.5061486391336546e-06,-2.233221576633808e-06,0.0,0,0,0,0,0,0
W1,143932,1,4.840166091918945,27.0,24.0,17.0,17.0,12,12,0,0,0.00016197261243638755,0.0001542073768544004,0.00032337669905877175,0.0003067252674988979,0.00023910242788228637,0.0002276394610707815,-7.76523558198715e-06,-1.6651431559873843e-05,-1.1462966811504857e-05,-3.6977312295177072e-06,0,0,0,0,0,0
W1,144003,0,0.0,16.0,15.0,14.0,14.0,13,13,0,0,0.00014053074498576734,0.00014053074498576734,0.00017171169231108602,0.00017171169231108602,0.00015614527220640816,0.00015614527220640816,0.0,0.0,0.0,0.0,0,0,0,0,0,0
W1,145438,0,0.0,24.0,20.0,19.769233890539272,19.769233890539272,18,18,0,0,6.633827211088388e-05,6.633827211088388e-05,0.00013799800795431786,0.00013799800795431786,7.814604491077294e-05,7.814604491077294e-05,0.0,0.0,0.0,0.0,0,0,0,0,0,0
W1,147221,0,0.0,23.0,23.0,20.998742000237883,20.998742000237883,15,15,0,0,0.00021579910429684855,0.00021579910429684855,0.00037667454716283893,0.00037667454716283893,0.00023307476096035018,0.00023307476096035018,0.0,0.0,0.0,0.0,0,0,0,0,0,0
W1,148177,0,0.0,20.0,16.0,16.0,16.0,15,15,0,0,4.8677949757802706e-05,4.8677949757802706e-05,0.00012196186207990245,0.00012196186207990245,5.841353970936325e-05,5.841353970936325e-05,0.0,0.0,0.0,0.0,0,0,0,0,0,0
W1,148687,0,0.0,69.0,62.0,60.99876880300798,60.99876880300798,51,51,0,0,1.609696284346364e-05,1.609696284346364e-05,2.3507247218226573e-05,2.3507247218226573e-05,1.8078469934317678e-05,1.8078469934317678e-05,0.0,0.0,0.0,0.0,0,0,0,0,0,0
W1,149404,0,0.0,78.0,64.0,50.0,50.0,46,46,0,0,1.2483771688364662e-05,1.2483771688364662e-05,2.3018084947569333e-05,2.3018084947569333e-05,1.895683848973893e-05,1.895683848973893e-05,0.0,0.0,0.0,0.0,0,0,0,0,0,0
W1,149523,0,0.0,10.0,9.0,9.0,9.0,7,7,0,0,2.109477545673144e-05,2.109477545673144e-05,2.0265626426557866e-05,2.0265626426557866e-05,2.2717450491864627e-05,2.2717450491864627e-05,0.0,0.0,0.0,0.0,0,0,0,0,0,0
W1,149614,0,0.0,67.0,62.0,61.0,61.0,50,50,0,0,0.00010700432124202064,0.00010700432124202064,0.00013746747309717562,0.00013746747309717562,0.00011688164320282254,0.00011688164320282254,0.0,0.0,0.0,0.0,0,0,0,0,0,0
W1,150155,0,0.0,24.0,24.0,23.56217215706472,23.56217215706472,18,18,0,0,9.545119678477931e-05,9.545119678477931e-05,9.721728163612771e-05,9.721728163612771e-05,9.69674485284997e-05,9.69674485284997e-05,0.0,0.0,0.0,0.0,0,0,0,0,0,0
W1,150243,0,0.0,26.0,25.0,23.0,23.0,18,18,0,0,3.8782423364234724e-05,3.8782423364234724e-05,4.321189050973291e-05,4.321189050973291e-05,4.3091581515816353e-05,4.3091581515816353e-05,0.0,0.0,0.0,0.0,0,0,0,0,0,0
W1,152752,0,0.0,35.0,30.0,29.095568374438486,29.095568374438486,28,28,0,0,0.00013630461713768835,0.00013630142070597222,0.0005689488389361315,0.0005689421767672021,0.00016062211134212128,0.0001606183446493871,-3.196431716127922e-09,-6.66216892937499e-09,-3.766692734168088e-09,-5.702610180401656e-10,0,0,0,0,0,0
W1,153432,1,0.05103402957320213,71.0,58.0,52.2608311566884,52.2608311566884,47,47,0,0,1.7159199887865808e-05,1.6832595780175856e-05,2.544175014167903e-05,2.5100823901184192e-05,2.2874528604203562e-05,2.243914029633221e-05,-3.266041076899517e-07,-3.4092624049483907e-07,-4.353883078713531e-07,-1.0878420018140141e-07,0,0,0,0,0,0
W1,153800,1,0.22390353679656982,67.0,55.0,48.997503155819096,48.997503155819096,43,43,0,0,2.7948014046988145e-05,2.71615791502678e-05,4.252727103988195e-05,4.150183307666184e-05,3.74415562843036e-05,3.6387980656354165e-05,-7.864348967203466e-07,-1.025437963220111e-06,-1.0535756279494318e-06,-2.6714073122908514e-07,0,0,0,0,0,0
W1,154602,0,0.0,66.0,59.0,53.0,53.0,46,46,0,0,5.143129594663022e-07,5.14114923858188e-07,9.434103667762872e-07,9.433535367232477e-07,6.316124063621255e-07,6.313692047381256e-07,-1.9803560811426225e-10,-5.6830053039512916e-11,-2.4320162399988017e-10,-4.5166015885617916e-11,0,0,0,0,0,0
W1,155590,0,0.0,13.0,13.0,13.0,13.0,10,10,0,0,0.0002045359657271407,0.0002045359657271407,0.00018498012008987794,0.00018498012008987794,0.0002045359657271407,0.0002045359657271407,0.0,0.0,0.0,0.0,0,0,0,0,0,0
W1,155838,0,0.0,18.0,18.0,17.0,17.0,11,11,0,0,4.5518872159138686e-05,4.551887236124862e-05,4.934792512407637e-05,4.934792532394481e-05,4.7686437500050053e-05,4.768643771178427e-05,2.0210993523315374e-13,1.9986843533296647e-13,2.1173421495919095e-13,9.624279726037216e-15,0,0,0,0,0,0
W1,155954,1,0.015455281361937523,98.0,89.0,77.99210232084577,77.99210232084577,68,68,0,0,4.4337514206825947e-07,4.344390880671881e-07,1.0894997866087225e-06,1.0769038236914796e-06,5.515685439311464e-07,5.404518938842607e-07,-8.936054001071396e-09,-1.2595962917242936e-08,-1.1116650046885637e-08,-2.1805960458142404e-09,0,0,0,0,0,0
W1,156519,0,0.0,21.0,21.0,19.0,19.0,14,14,0,0,7.191876284196042e-05,7.19187631884346e-05,8.683441020370739e-05,8.683441051827943e-05,7.817256830647871e-05,7.817256868308108e-05,3.46474178557557e-13,3.14572044628203e-13,3.766023679973446e-13,3.012818943978757e-14,0,0,0,0,0,0
W1,156598,0,0.0,13.0,13.0,11.902708459698786,11.902708459698786,8,8,0,0,0.0002052914608681861,0.0002052914619875642,0.0002312592882658242,0.0002312592891931824,0.00021945663178090275,0.00021945663297751828,1.1193780819797328e-12,9.273582065021796e-13,1.1966155334403733e-12,7.723745146064054e-14,0,0,0,0,0,0
W1,157061,0,0.0,5.0,5.0,5.0,5.0,4,4,0,0,7.836545855752775e-05,7.836545855752775e-05,0.00011283164109610995,0.00011283164109610995,7.836545855752775e-05,7.836545855752775e-05,0.0,0.0,0.0,0.0,0,0,0,0,0,0
W1,157104,0,0.0,29.0,24.0,22.0,22.0,16,16,0,0,5.464307004927079e-05,5.464307004927079e-05,0.00010870091821876787,0.00010870091821876787,6.935466583176677e-05,6.935466583176677e-05,0.0,0.0,0.0,0.0,0,0,0,0,0,0
W1,158123,0,0.0,19.0,19.0,3.3011841061375504,3.3011841061375504,2,2,0,0,4.478098789580767e-05,4.478098789580767e-05,0.00029835115735791585,0.00029835115735791585,4.478098789580767e-05,4.478098789580767e-05,0.0,0.0,0.0,0.0,0,0,0,0,0,0
W1,158779,0,0.0,20.0,19.0,16.49625070157083,16.49625070157083,15,15,0,0,0.000222697110621084,0.000222697110621084,0.00033338539721447806,0.00033338539721447806,0.00026076626075306525,0.00026076626075306525,0.0,0.0,0.0,0.0,0,0,0,0,0,0
W1,158799,0,0.0,14.0,14.0,14.0,14.0,12,12,0,0,0.00039343756881342936,0.00039343756881342936,0.000423187758129787,0.000423187758129787,0.00039343756881342936,0.00039343756881342936,0.0,0.0,0.0,0.0,0,0,0,0,0,0
W1,158954,0,0.0,15.0,15.0,14.59170779333933,14.59170779333933,12,12,0,0,0.00013822420846452133,0.00013822420846452133,0.00015252221131185727,0.00015252221131185727,0.0001412597481640062,0.0001412597481640062,0.0,0.0,0.0,0.0,0,0,0,0,0,0
W1,159323,0,0.0,14.0,14.0,11.988793782499895,11.988793782499895,11,11,0,0,0.00016426506304664405,0.00016426506304664405,0.0001800664973829758,0.0001800664973829758,0.00018492771719126475,0.00018492771719126475,0.0,0.0,0.0,0.0,0,0,0,0,0,0
W1,160957,0,0.0,10.0,10.0,10.0,10.0,9,9,0,0,0.0002515104541089386,0.0002515104541089386,0.000265740205104318,0.000265740205104318,0.0002515104541089386,0.0002515104541089386,0.0,0.0,0.0,0.0,0,0,0,0,0,0
W1,161233,0,0.0,17.0,17.0,16.0,16.0,15,15,0,0,0.00048417368266735354,0.00048417368266735354,0.0005299390520739178,0.0005299390520739178,0.0005083823668007212,0.0005083823668007212,0.0,0.0,0.0,0.0,0,0,0,0,0,0
W1,161390,0,0.0,19.0,19.0,19.0,19.0,13,13,0,0,0.0004465255370740507,0.0004465255370740507,0.0005983193974176045,0.0005983193974176045,0.0004465255370740507,0.0004465255370740507,0.0,0.0,0.0,0.0,0,0,0,0,0,0
W1,161617,0,0.0,28.0,26.0,24.50819307757818,24.50819307757818,23,23,0,0,0.00067072850906476,0.00067072850906476,0.001420311313327567,0.001420311313327567,0.0007528822409636796,0.0007528822409636796,0.0,0.0,0.0,0.0,0,0,1,1,1,1
W1,162396,0,0.0,3.0,3.0,2.9999998934239143,2.9999998934239143,3,3,0,0,1.3963816513751226e-05,1.3963816513751226e-05,3.6771833242577865e-05,3.6771833242577865e-05,1.3963816726352501e-05,1.3963816726352501e-05,0.0,0.0,0.0,0.0,0,0,0,0,0,0
W1,162397,0,0.0,13.0,13.0,13.0,13.0,10,10,0,0,4.759580070430484e-05,4.759580070430484e-05,4.8481220916224806e-05,4.8481220916224806e-05,4.759580070430484e-05,4.759580070430484e-05,0.0,0.0,0.0,0.0,0,0,0,0,0,0
W1,162873,0,0.0,15.0,15.0,15.0,15.0,14,14,0,0,0.0002522823914963131,0.0002522823914963131,0.00024920399394864754,0.00024920399394864754,0.0002522823914963131,0.0002522823914963131,0.0,0.0,0.0,0.0,0,0,0,0,0,0
W1,162956,0,0.0,7.0,7.0,5.0,5.0,4,4,0,0,5.9198482371617244e-05,5.9198482371617244e-05,9.055302736000287e-05,9.055302736000287e-05,7.235370067642108e-05,7.235370067642108e-05,0.0,0.0,0.0,0.0,0,0,0,0,0,0
W1,163055,0,0.0,16.0,16.0,15.0,15.0,14,14,0,0,3.5194041231534356e-05,3.5194041231534356e-05,5.690747107100614e-05,5.690747107100614e-05,3.7046359191088796e-05,3.7046359191088796e-05,0.0,0.0,0.0,0.0,0,0,0,0,0,0
W1,163097,0,0.0,17.0,17.0,16.0,16.0,15,15,0,0,0.0003273101195672472,0.0003273101195672472,0.0003389229376983437,0.0003389229376983437,0.00034367562554560955,0.00034367562554560955,0.0,0.0,0.0,0.0,0,0,0,0,0,0
W1,163740,0,0.0,10.0,10.0,10.0,10.0,8,8,0,0,0.00019053488213103265,0.00019053488213103265,0.00023107706483960848,0.00023107706483960848,0.00019053488213103265,0.00019053488213103265,0.0,0.0,0.0,0.0,0,0,0,0,0,0
W1,164957,0,0.0,2.0,2.0,2.0,2.0,2,2,0,0,0.00016527910629271503,0.00016527910629271503,0.00032549795069898184,0.00032549795069898184,0.00016527910629271503,0.00016527910629271503,0.0,0.0,0.0,0.0,0,0,0,0,0,0
W1,165182,0,0.0,96.0,64.0,56.04286525578406,56.04286525578406,45,45,0,0,9.187540026215206e-06,9.187540026215206e-06,3.2277813810370976e-05,3.2277813810370976e-05,1.5301634902125446e-05,1.5301634902125446e-05,0.0,0.0,0.0,0.0,0,0,0,0,0,0
W1,166077,0,0.0,26.0,21.0,19.017549466259347,19.017549466259347,15,15,0,0,0.0002227843290956326,0.0002227843290956326,0.0002903539869394219,0.0002903539869394219,0.00029036669966392995,0.00029036669966392995,0.0,0.0,0.0,0.0,0,0,0,0,0,0
W1,166268,0,0.0,10.0,10.0,10.0,10.0,8,8,0,0,1.806766240406432e-05,1.806766240406432e-05,2.35545877414438e-05,2.35545877414438e-05,1.806766240406432e-05,1.806766240406432e-05,0.0,0.0,0.0,0.0,0,0,0,0,0,0
W1,167804,0,0.0,72.0,66.0,57.97459988410039,57.97459988410039,51,51,0,0,5.965823027340475e-06,5.965521643533675e-06,1.0395946729273091e-05,1.0395802849306875e-05,7.315941545823464e-06,7.3155719561954615e-06,-3.013838068000041e-10,-1.438799662162424e-10,-3.6958962800265533e-10,-6.820582120265124e-11,0,0,0,0,0,0
W1,169665,0,0.0,57.0,51.0,48.70921525613556,48.70921525613556,40,40,0,0,4.660231434328227e-06,4.6602314353254805e-06,2.4379387583458798e-05,2.4379387583514726e-05,5.393252699980793e-06,5.393252701134906e-06,9.972533934169032e-16,5.592789144130694e-17,1.1541128838200854e-15,1.5685949040318212e-16,0,0,0,0,0,0
W1,169800,0,0.0,68.0,62.0,53.0,53.0,46,46,0,0,1.784839063643501e-05,1.784839063643501e-05,4.8822852230033235e-05,4.8822852230033235e-05,2.2545335540760014e-05,2.2545335540760014e-05,0.0,0.0,0.0,0.0,0,0,0,0,0,0
W1,170307,0,0.0,57.0,52.0,49.6043212957193,49.6043212957193,43,43,0,0,6.786191010227664e-05,6.786191010227664e-05,9.526566141985761e-05,9.526566141985761e-05,7.722467920826844e-05,7.722467920826844e-05,0.0,0.0,0.0,0.0,0,0,0,0,0,0
W1,170661,1,0.04867836833000183,56.0,50.0,49.86975339670457,49.86975339670457,41,41,0,0,6.205723063087976e-05,6.199275927995518e-05,8.73126252395117e-05,8.726286252201063e-05,6.911919218253861e-05,6.904738414905853e-05,-6.447135092457756e-08,-4.976271750106753e-08,-7.180803348008527e-08,-7.336682555507705e-09,0,0,0,0,0,0
W1,171566,0,0.0,4.0,4.0,4.0,4.0,3,3,0,0,5.259784961708647e-05,5.259784961708647e-05,6.529179122527758e-05,6.529179122527758e-05,5.259784961708647e-05,5.259784961708647e-05,0.0,0.0,0.0,0.0,0,0,0,0,0,0
W1,172009,0,0.0,7.0,7.0,7.0,7.0,6,6,0,0,0.00019953167897516063,0.00019953167897516063,0.00022565459873077694,0.00022565459873077694,0.00019953167897516063,0.00019953167897516063,0.0,0.0,0.0,0.0,0,0,0,0,0,0
W1,172212,0,0.0,68.0,54.0,51.88519243334284,51.88519243334284,45,45,0,0,0.00023243350110662274,0.00023243350110662274,0.0019939239578397713,0.0019939239578397713,0.00029945700016400216,0.00029945700016400216,0.0,0.0,0.0,0.0,0,0,0,0,0,0
W1,172662,0,0.0,16.0,12.0,10.999917665258986,10.999917665258986,11,11,0,0,8.375324844678289e-05,8.375324844678289e-05,0.0001419396680513141,0.0001419396680513141,0.00011167161089258795,0.00011167161089258795,0.0,0.0,0.0,0.0,0,0,0,0,0,0
W1,173741,0,0.0,13.0,13.0,13.0,13.0,10,10,0,0,1.6996865514766585e-05,1.6996865514766585e-05,1.7670135551669026e-05,1.7670135551669026e-05,1.6996865514766585e-05,1.6996865514766585e-05,0.0,0.0,0.0,0.0,0,0,0,0,0,0
W1,174094,0,0.0,3.0,3.0,3.0,3.0,3,3,0,0,4.2392055092932424e-05,4.2392055092932424e-05,9.630449304423023e-05,9.630449304423023e-05,4.2392055092932424e-05,4.2392055092932424e-05,0.0,0.0,0.0,0.0,0,0,0,0,0,0
W1,174135,0,0.0,17.0,17.0,16.0,16.0,15,15,0,0,5.739437073891488e-06,5.739437073891488e-06,7.0438029811095585e-06,7.0438029811095585e-06,6.026408927586063e-06,6.026408927586063e-06,0.0,0.0,0.0,0.0,0,0,0,0,0,0
W1,174451,0,0.0,17.0,16.0,14.0,14.0,13,13,0,0,3.555488017488695e-05,3.555488017488695e-05,4.65167372188431e-05,4.65167372188431e-05,4.1480693537368115e-05,4.1480693537368115e-05,0.0,0.0,0.0,0.0,0,0,0,0,0,0
W1,174933,0,0.0,10.0,10.0,10.0,10.0,9,9,0,0,0.0002188271151680965,0.0002188271151680965,0.0003041969251954,0.0003041969251954,0.0002188271151680965,0.0002188271151680965,0.0,0.0,0.0,0.0,0,0,0,0,0,0
W1,175584,0,0.0,60.0,51.0,42.59258845579268,42.59258845579268,38,38,0,0,0.0001229045898814544,0.00012290458987363842,0.0007096632809826667,0.0007096632809824644,0.0001688228538724842,0.00016882285386174813,-7.81598635639369e-15,-2.0231212538579513e-16,-1.0736068067548898e-14,-2.920081711155209e-15,0,0,0,0,0,0
W1,175737,0,0.0,27.0,25.0,23.0,23.0,18,18,0,0,0.00023404302144761595,0.00023404302144761595,0.00035137527039263636,0.00035137527039263636,0.0002687160616620776,0.0002687160616620776,0.0,0.0,0.0,0.0,0,0,0,0,0,0
W1,175802,0,0.0,10.0,10.0,10.0,10.0,8,8,0,0,0.00014388832223630744,0.00014388832223630744,0.00022409833467719047,0.00022409833467719047,0.00014388832223630744,0.00014388832223630744,0.0,0.0,0.0,0.0,0,0,0,0,0,0
W1,175920,0,0.0,26.0,19.0,16.506359386068876,16.506359386068876,14,14,0,0,4.860746895036964e-05,4.860746895036964e-05,0.00010335702294122998,0.00010335702294122998,7.111082182153421e-05,7.111082182153421e-05,0.0,0.0,0.0,0.0,0,0,0,0,0,0
W1,177077,0,0.0,8.0,8.0,8.0,8.0,7,7,0,0,8.786172520558466e-05,8.786172520558466e-05,9.943937025938882e-05,9.943937025938882e-05,8.786172520558466e-05,8.786172520558466e-05,0.0,0.0,0.0,0.0,0,0,0,0,0,0
W1,177931,0,0.0,8.0,8.0,8.0,8.0,7,7,0,0,0.0005381766286518541,0.0005381766286518541,0.0005433640230648244,0.0005433640230648244,0.0005381766286518541,0.0005381766286518541,0.0,0.0,0.0,0.0,0,0,0,0,0,0
W1,178198,0,0.0,10.0,10.0,2.682420067532598,2.682420067532598,5,5,1,1,0.0001515802061476279,0.0001515802061476279,0.0005058107072031115,0.0005058107072031115,0.0003031604122952558,0.0003031604122952558,0.0,0.0,0.0,0.0,0,0,0,0,0,0
W1,179305,0,0.0,20.0,16.0,16.0,16.0,16,16,0,0,0.0006598910621530507,0.0006598910621530507,0.0008708153254353236,0.0008708153254353236,0.0007918692745836609,0.0007918692745836609,0.0,0.0,0.0,0.0,0,0,1,1,1,1
W1,180407,0,0.0,17.0,17.0,16.0,16.0,15,15,0,0,0.000292194978101179,0.000292194978101179,0.00038459229577134514,0.00038459229577134514,0.00030680472700623796,0.00030680472700623796,0.0,0.0,0.0,0.0,0,0,0,0,0,0
W1,180764,0,0.0,15.0,15.0,14.00560686620222,14.00560686620222,13,13,0,0,0.00012906009290058288,0.00012906009290058288,0.00019432309186300642,0.00019432309186300642,0.0001361876766127731,0.0001361876766127731,0.0,0.0,0.0,0.0,0,0,0,0,0,0
W1,181460,0,0.0,8.0,8.0,8.0,8.0,7,7,0,0,0.0008433726070506964,0.0008433726070506964,0.0007955460194783912,0.0007955460194783912,0.0008433726070506964,0.0008433726070506964,0.0,0.0,0.0,0.0,0,0,1,1,1,1
W1,182267,0,0.0,13.0,13.0,13.0,13.0,10,10,0,0,0.00025071508403366,0.00025071508403366,0.00028350495414317627,0.00028350495414317627,0.00025071508403366,0.00025071508403366,0.0,0.0,0.0,0.0,0,0,0,0,0,0
W1,182813,0,0.0,18.0,16.0,16.0,16.0,16,16,0,0,0.00016913862214836448,0.00016913862214836448,0.0002495645425272243,0.0002495645425272243,0.00018605248436320092,0.00018605248436320092,0.0,0.0,0.0,0.0,0,0,0,0,0,0
W1,182909,0,0.0,25.0,20.0,19.0,19.0,17,17,0,0,0.0003348614351943979,0.0003348614351943979,0.0005526594493202799,0.0005526594493202799,0.0004222165922016322,0.0004222165922016322,0.0,0.0,0.0,0.0,0,0,0,0,0,0
W1,183038,0,0.0,10.0,10.0,10.0,10.0,8,8,0,0,0.0001905570927192457,0.0001905570927192457,0.0003161434185524534,0.0003161434185524534,0.0001905570927192457,0.0001905570927192457,0.0,0.0,0.0,0.0,0,0,0,0,0,0
W1,184254,0,0.0,65.0,57.0,52.0,52.0,47,47,0,0,1.5914607740359525e-06,1.5914607740359525e-06,2.427817671624092e-06,2.427817671624092e-06,1.9609070251514416e-06,1.9609070251514416e-06,0.0,0.0,0.0,0.0,0,0,0,0,0,0
W1,185244,0,0.0,9.0,9.0,9.0,9.0,7,7,0,0,0.0001294505461070609,0.0001294505461070609,0.00012621483599646079,0.00012621483599646079,0.0001294505461070609,0.0001294505461070609,0.0,0.0,0.0,0.0,0,0,0,0,0,0
W1,186247,0,0.0,22.0,22.0,21.118921079305156,21.118921079305156,16,16,0,0,0.0002403046502711897,0.00024030463770362655,0.0003028061091642709,0.00030280610291609305,0.0002487336493205688,0.000248733636312182,-1.256756314684318e-11,-6.248177864855153e-12,-1.3008386793959825e-11,-4.408236471166449e-13,0,0,0,0,0,0
W1,187003,1,0.6912543177604675,78.0,65.0,57.0,57.0,53,53,0,0,4.31779435051597e-05,4.256770348892002e-05,6.358786335411071e-05,6.294850243654449e-05,5.8042481433165494e-05,5.7222158788384285e-05,-6.102400162396807e-07,-6.393609175662243e-07,-8.203226447812083e-07,-2.1008262854152763e-07,0,0,0,0,0,0
W1,191436,0,0.0,23.0,23.0,22.647378437136894,22.647378437136894,17,17,0,0,3.623710523918387e-06,3.6237105140325747e-06,5.093595971679538e-06,5.093595961791145e-06,3.671662650665939e-06,3.6716626406493096e-06,-9.885812159930295e-15,-9.88839306932058e-15,-1.0016629622370144e-14,-1.3081746243984865e-16,0,0,0,0,0,0
W1,191793,0,0.0,15.0,15.0,12.0,12.0,11,11,0,0,8.04997971499688e-05,8.04997971499688e-05,0.0001273913467210324,0.0001273913467210324,9.559350911558795e-05,9.559350911558795e-05,0.0,0.0,0.0,0.0,0,0,0,0,0,0
W1,192050,0,0.0,13.0,13.0,13.0,13.0,10,10,0,0,0.0002821978391693847,0.0002821978391693847,0.00034276987962634104,0.00034276987962634104,0.0002821978391693847,0.0002821978391693847,0.0,0.0,0.0,0.0,0,0,0,0,0,0
W1,192086,0,0.0,1.0,1.0,1.0,1.0,1,1,0,0,7.436036685248837e-05,7.436036685248837e-05,7.436036685248837e-05,7.436036685248837e-05,7.436036685248837e-05,7.436036685248837e-05,0.0,0.0,0.0,0.0,0,0,0,0,0,0
W1,192891,0,0.0,13.0,13.0,13.0,13.0,10,10,0,0,1.9103605250865467e-06,1.9103605250865467e-06,1.7315018945309028e-06,1.7315018945309028e-06,1.9103605250865467e-06,1.9103605250865467e-06,0.0,0.0,0.0,0.0,0,0,0,0,0,0
W1,193023,0,0.0,33.0,22.0,19.0,19.0,15,15,0,0,3.6268864119882625e-06,3.6268864119882625e-06,9.934750509854539e-06,9.934750509854539e-06,5.834556401894162e-06,5.834556401894162e-06,0.0,0.0,0.0,0.0,0,0,0,0,0,0
W1,193174,0,0.0,25.0,20.0,19.0,19.0,17,17,0,0,5.85849339677369e-07,5.85849339677369e-07,1.1587386215348666e-06,1.1587386215348666e-06,7.386796022019e-07,7.386796022019e-07,0.0,0.0,0.0,0.0,0,0,0,0,0,0
W1,193443,0,0.0,17.0,16.0,13.000138620903712,13.000138620903712,12,12,0,0,9.420779088511205e-05,9.420779088511205e-05,0.00014236657193079165,0.00014236657193079165,0.00011637338098847721,0.00011637338098847721,0.0,0.0,0.0,0.0,0,0,0,0,0,0
W1,193574,0,0.0,9.0,9.0,9.0,9.0,8,8,0,0,2.259616015483819e-05,2.259616015483819e-05,2.3569130893373862e-05,2.3569130893373862e-05,2.259616015483819e-05,2.259616015483819e-05,0.0,0.0,0.0,0.0,0,0,0,0,0,0
W1,193931,0,0.0,6.0,6.0,6.0,6.0,5,5,0,0,4.1619169048582684e-05,4.1619169048582684e-05,6.987958388532827e-05,6.987958388532827e-05,4.1619169048582684e-05,4.1619169048582684e-05,0.0,0.0,0.0,0.0,0,0,0,0,0,0
W1,194169,0,0.0,21.0,18.0,18.0,18.0,16,16,0,0,0.0002668641904425125,0.0002668641904425125,0.0003923605703768118,0.0003923605703768118,0.00030325476186649153,0.00030325476186649153,0.0,0.0,0.0,0.0,0,0,0,0,0,0
W1,195374,0,0.0,25.0,22.0,21.0,21.0,19,19,0,0,0.00042241548205185,0.00042241548205185,0.0009482658194150153,0.0009482658194150153,0.000490001959180146,0.000490001959180146,0.0,0.0,0.0,0.0,0,0,0,0,0,0
W1,195580,0,0.0,26.0,20.0,18.71890379932801,18.71890379932801,16,16,0,0,0.00034527040420931143,0.00034527040420931143,0.0009982405388285266,0.0009982405388285266,0.0004559248200428455,0.0004559248200428455,0.0,0.0,0.0,0.0,0,0,0,0,0,0
W1,195848,0,0.0,31.0,27.0,25.879233181613365,25.879233181613365,22,22,0,0,0.000243563926880476,0.000243563926880476,0.00034577640867023465,0.00034577640867023465,0.00028530643303331107,0.00028530643303331107,0.0,0.0,0.0,0.0,0,0,0,0,0,0
W1,195886,0,0.0,34.0,33.0,31.27743031207243,31.27743031207243,26,26,0,0,0.00021766215316417294,0.00021766215316417294,0.0015938070273205677,0.0015938070273205677,0.00023446043963718256,0.00023446043963718256,0.0,0.0,0.0,0.0,0,0,0,0,0,0
W1,196209,0,0.0,13.0,13.0,12.0,12.0,9,9,0,0,0.0009979421246008803,0.0009979421246008803,0.0015698259533112673,0.0015698259533112673,0.0010603135073884353,0.0010603135073884353,0.0,0.0,0.0,0.0,0,0,1,1,1,1
W1,196434,0,0.0,10.0,10.0,3.114530105634888,3.114530105634888,4,4,0,0,0.00011041068937629461,0.00011041068937629461,0.00031221859086265623,0.00031221859086265623,0.0002172665837823712,0.0002172665837823712,0.0,0.0,0.0,0.0,0,0,0,0,0,0
W1,196678,0,0.0,14.0,14.0,13.973979469762632,13.973979469762632,13,13,0,0,0.00033638258459437305,0.00033638258459437305,0.00032048392852362945,0.00032048392852362945,0.0003368695581790757,0.0003368695581790757,0.0,0.0,0.0,0.0,0,0,0,0,0,0
W1,196979,0,0.0,24.0,24.0,23.17835450618592,23.17835450618592,18,18,0,0,5.068771218930124e-05,5.068771370512574e-05,5.691371618276203e-05,5.691371821743534e-05,5.222008348509125e-05,5.222008504674157e-05,1.5158245006961259e-12,2.0346733128093035e-12,1.561650324842772e-12,4.58258241466461e-14,0,0,0,0,0,0
W1,197532,0,0.0,7.0,7.0,7.0,7.0,6,6,0,0,0.0004338489587618304,0.0004338489587618304,0.00047360948985782883,0.00047360948985782883,0.0004338489587618304,0.0004338489587618304,0.0,0.0,0.0,0.0,0,0,0,0,0,0
W1,197938,0,0.0,8.0,8.0,8.0,8.0,7,7,0,0,0.00017919354286277667,0.00017919354286277667,0.00024735285419279413,0.00024735285419279413,0.00017919354286277667,0.00017919354286277667,0.0,0.0,0.0,0.0,0,0,0,0,0,0
W1,198382,0,0.0,17.0,17.0,15.0,15.0,15,15,0,0,0.00042591727191500147,0.00042591727191500147,0.0005198500451130963,0.0005198500451130963,0.00047075066895868584,0.00047075066895868584,0.0,0.0,0.0,0.0,0,0,0,0,0,0
W1,198587,0,0.0,9.0,9.0,9.0,9.0,8,8,0,0,0.00016810593206173507,0.00016810593206173507,0.0003086472819607087,0.0003086472819607087,0.00016810593206173507,0.00016810593206173507,0.0,0.0,0.0,0.0,0,0,0,0,0,0
W1,200389,0,0.0,34.0,25.0,24.0,24.0,20,20,0,0,8.947156032638606e-05,8.947156032638606e-05,0.00023492909951785727,0.00023492909951785727,0.00012142568901438107,0.00012142568901438107,0.0,0.0,0.0,0.0,0,0,0,0,0,0
W1,200440,0,0.0,11.0,11.0,11.0,11.0,10,10,0,0,0.000134841001619696,0.000134841001619696,0.00025729038837157174,0.00025729038837157174,0.000134841001619696,0.000134841001619696,0.0,0.0,0.0,0.0,0,0,0,0,0,0
W1,200512,0,0.0,8.0,8.0,8.0,8.0,7,7,0,0,0.0003097558534221889,0.0003097558534221889,0.00037442616784274905,0.00037442616784274905,0.0003097558534221889,0.0003097558534221889,0.0,0.0,0.0,0.0,0,0,0,0,0,0
W1,201595,0,0.0,12.0,12.0,12.0,12.0,9,9,0,0,0.0002512536095006605,0.0002512536095006605,0.0003362299036594728,0.0003362299036594728,0.0002512536095006605,0.0002512536095006605,0.0,0.0,0.0,0.0,0,0,0,0,0,0
W1,201636,0,0.0,15.0,15.0,15.0,15.0,14,14,0,0,0.000406626838472827,0.000406626838472827,0.00039824782334817307,0.00039824782334817307,0.000406626838472827,0.000406626838472827,0.0,0.0,0.0,0.0,0,0,0,0,0,0
W1,201901,0,0.0,22.0,21.0,17.271386915159766,17.271386915159766,14,14,0,0,9.125276011445749e-05,9.125276011445749e-05,0.0005166482777023119,0.0005166482777023119,0.00011153817907778274,0.00011153817907778274,0.0,0.0,0.0,0.0,0,0,0,0,0,0
W1,202030,0,0.0,9.0,9.0,9.0,9.0,8,8,0,0,0.000600542846915649,0.000600542846915649,0.0005502936058444331,0.0005502936058444331,0.000600542846915649,0.000600542846915649,0.0,0.0,0.0,0.0,0,0,1,1,1,1
W1,204001,0,0.0,65.0,55.0,48.93646083437474,48.93646083437474,44,44,0,0,5.492378571279215e-05,5.492378571279215e-05,0.00012406350709777726,0.00012406350709777726,7.15903774912311e-05,7.15903774912311e-05,0.0,0.0,0.0,0.0,0,0,0,0,0,0
W1,204011,0,0.0,63.0,57.0,53.86039758230436,53.86039758230436,44,44,0,0,0.00014762892838032915,0.00014762892838032915,0.0010694248115150824,0.0010694248115150824,0.0001709483276089187,0.0001709483276089187,0.0,0.0,0.0,0.0,0,0,0,0,0,0
W1,204121,0,0.0,58.0,52.0,51.67414333844637,51.67414333844637,43,43,0,0,7.730483458190767e-05,7.730483163389036e-05,0.0001046633248919659,0.0001046633216638334,8.608843273873041e-05,8.608842945575087e-05,-2.948017304989052e-12,-3.2281324965563463e-12,-3.2829795332993753e-12,-3.349622283103232e-13,0,0,0,0,0,0
W1,204294,0,0.0,77.0,73.0,59.89664251472041,59.89664251472041,55,55,0,0,7.438302656579936e-06,7.438302656579936e-06,1.030706817726408e-05,1.030706817726408e-05,9.4293297968539e-06,9.4293297968539e-06,0.0,0.0,0.0,0.0,0,0,0,0,0,0
W1,204972,0,0.0,13.0,13.0,13.0,13.0,10,10,0,0,0.00010826389594652798,0.00010826389594652798,0.00010796949830971639,0.00010796949830971639,0.00010826389594652798,0.00010826389594652798,0.0,0.0,0.0,0.0,0,0,0,0,0,0
W1,205154,0,0.0,25.0,20.0,19.0,19.0,17,17,0,0,0.0001522834291796471,0.0001522834291796471,0.00037797659401637084,0.00037797659401637084,0.00019200954113955502,0.00019200954113955502,0.0,0.0,0.0,0.0,0,0,0,0,0,0
W1,205813,0,0.0,23.0,23.0,23.0,23.0,17,17,0,0,2.317674028270868e-05,2.3025168878160436e-05,2.455947101472088e-05,2.4369902361878185e-05,2.317674028270868e-05,2.3025168878160436e-05,-1.5157140454824248e-07,-1.8956865284269365e-07,-1.5157140454824248e-07,0.0,0,0,0,0,0,0
W1,206026,1,0.32174891233444214,92.0,78.0,63.070371545077776,63.070371545077776,54,54,0,0,6.14099941779672e-05,6.104776916948662e-05,0.00011642848267788376,0.0001155989016134833,8.789811812988988e-05,8.737965371687014e-05,-3.622250084805783e-07,-8.295810644004683e-07,-5.184644130197432e-07,-1.5623940453916494e-07,0,0,0,0,0,0
W1,206201,0,0.0,72.0,66.0,61.72419761093721,61.72419756824348,53,53,0,0,4.871833413545895e-05,4.871833417335456e-05,8.428799461489705e-05,8.428799465104797e-05,5.6335315285442585e-05,5.633531536585788e-05,3.7895610315117484e-14,3.615091895541739e-14,8.04152954620406e-14,4.2519685146923114e-14,0,0,0,0,0,0
W1,206978,0,0.0,70.0,61.0,59.0,59.0,50,50,0,0,1.8786185437599405e-05,1.8786185437599405e-05,2.6218391057561193e-05,2.6218391057561193e-05,2.206631305368819e-05,2.206631305368819e-05,0.0,0.0,0.0,0.0,0,0,0,0,0,0
W1,207365,0,0.0,98.0,91.0,75.3351815696023,75.3351815696023,67,67,0,0,3.32905267228217e-05,3.32905267228217e-05,6.63486539306786e-05,6.63486539306786e-05,4.280110864495543e-05,4.280110864495543e-05,0.0,0.0,0.0,0.0,0,0,0,0,0,0
W1,207527,0,0.0,97.0,96.0,73.81390311266499,73.81390311266499,65,65,0,0,1.1849800344007193e-05,1.1849800338733061e-05,2.4219455496821186e-05,2.4219455493093973e-05,1.538066832365244e-05,1.5380668316806784e-05,-5.2741319612418375e-15,-3.727212630330254e-15,-6.845655905205264e-15,-1.5715239439634265e-15,0,0,0,0,0,0
W1,207949,1,0.022084776312112808,98.0,98.0,76.6550015580624,76.6550015580624,70,70,0,0,4.1149991295863383e-05,4.1128374991905695e-05,7.094231606994814e-05,7.090146050431542e-05,5.204015908618499e-05,5.201282212057726e-05,-2.161630395768879e-08,-4.0855565632723833e-08,-2.7336965607731615e-08,-5.720661650042826e-09,0,0,0,0,0,0
W1,208761,0,0.0,68.0,63.0,56.0,56.0,49,49,0,0,6.0490887552934385e-05,6.0490887552934385e-05,8.161080406471234e-05,8.161080406471234e-05,7.258906506352127e-05,7.258906506352127e-05,0.0,0.0,0.0,0.0,0,0,0,0,0,0
W1,208796,0,0.0,73.0,66.0,63.76947001579815,63.76947001579815,57,57,0,0,3.2808518895227244e-05,3.279648271709697e-05,4.282124678100855e-05,4.2805045694799176e-05,3.7277198041294805e-05,3.7263522477418994e-05,-1.2036178130274302e-08,-1.620108620937116e-08,-1.3675563875810838e-08,-1.6393857455365354e-09,0,0,0,0,0,0
W1,208899,0,0.0,69.0,58.0,56.0,56.0,46,46,0,0,1.2546223105909506e-05,1.2546223105909506e-05,2.0024624871503814e-05,2.0024624871503814e-05,1.5264571445523233e-05,1.5264571445523233e-05,0.0,0.0,0.0,0.0,0,0,0,0,0,0
W1,209313,0,0.0,70.0,61.0,57.87298740685884,57.87298740685884,51,51,0,0,6.303294333309038e-05,6.298545752331717e-05,7.997217461188519e-05,7.991173727541824e-05,7.538730554541834e-05,7.53305125882574e-05,-4.748580977320942e-08,-6.043733646695e-08,-5.679295716093944e-08,-9.307147387730016e-09,0,0,0,0,0,0
W1,209343,0,0.0,65.0,60.0,58.82687579156695,58.82687579156695,51,51,0,0,1.5868136233089847e-05,1.5868136233089847e-05,2.503258948402996e-05,2.503258948402996e-05,1.7427277519188125e-05,1.7427277519188125e-05,0.0,0.0,0.0,0.0,0,0,0,0,0,0
W1,210400,0,0.0,12.0,12.0,11.0,11.0,10,10,0,0,3.4052986090197615e-06,3.4052986090197615e-06,7.526736541391316e-06,7.526736541391316e-06,3.6323185162877457e-06,3.6323185162877457e-06,0.0,0.0,0.0,0.0,0,0,0,0,0,0
W1,211062,0,0.0,8.0,8.0,8.0,8.0,7,7,0,0,0.0005201873609621543,0.0005201873609621543,0.00045550598667235627,0.00045550598667235627,0.0005201873609621543,0.0005201873609621543,0.0,0.0,0.0,0.0,0,0,0,0,0,0
W1,211279,0,0.0,15.0,15.0,12.0,12.0,11,11,0,0,0.00011511152241231079,0.00011511152241231079,0.00014085387721420362,0.00014085387721420362,0.00013669493286461905,0.00013669493286461905,0.0,0.0,0.0,0.0,0,0,0,0,0,0
W1,212529,0,0.0,3.0,3.0,3.0,3.0,3,3,0,0,4.294927445395539e-05,4.294927445395539e-05,6.467546751086189e-05,6.467546751086189e-05,4.294927445395539e-05,4.294927445395539e-05,0.0,0.0,0.0,0.0,0,0,0,0,0,0
W1,212572,0,0.0,5.0,5.0,5.0,5.0,4,4,0,0,3.356144115969073e-05,3.356144115969073e-05,3.504899154610904e-05,3.504899154610904e-05,3.356144115969073e-05,3.356144115969073e-05,0.0,0.0,0.0,0.0,0,0,0,0,0,0
W1,214099,0,0.0,8.0,8.0,8.0,8.0,7,7,0,0,0.00023844077077228576,0.00023844077077228576,0.0002212941477044411,0.0002212941477044411,0.00023844077077228576,0.00023844077077228576,0.0,0.0,0.0,0.0,0,0,0,0,0,0
W1,214720,0,0.0,19.0,18.0,17.99985663283826,17.99985663283826,12,12,0,0,1.8500548637568365e-05,1.850054873330465e-05,3.128341881169901e-05,3.1283418937192085e-05,1.934160870980076e-05,1.9341608809889343e-05,9.573628511044124e-14,1.2549307431978032e-13,1.0008858433892265e-13,4.352299228481404e-15,0,0,0,0,0,0
W1,215167,0,0.0,26.0,26.0,23.999983147634925,23.999983147634925,18,18,0,0,0.0004257566929569433,0.0004257566974344557,0.0005225346482918231,0.0005225346552870839,0.00045616815986502374,0.0004561681646623613,4.47751238212904e-12,6.995260815913229e-12,4.797337548913261e-12,3.1982516678422113e-13,0,0,0,0,0,0
W1,215762,0,0.0,10.0,10.0,10.0,10.0,9,9,0,0,0.00020756145331688459,0.00020756145331688459,0.0002945400293483921,0.0002945400293483921,0.00020756145331688459,0.00020756145331688459,0.0,0.0,0.0,0.0,0,0,0,0,0,0
W1,216080,0,0.0,18.0,18.0,18.0,18.0,12,12,0,0,0.0003622030197271266,0.0003622030197271266,0.00048244309911820436,0.00048244309911820436,0.0003622030197271266,0.0003622030197271266,0.0,0.0,0.0,0.0,0,0,0,0,0,0
W1,216721,0,0.0,8.0,8.0,8.0,8.0,7,7,0,0,0.0001163314686891681,0.0001163314686891681,0.00011750288291617519,0.00011750288291617519,0.0001163314686891681,0.0001163314686891681,0.0,0.0,0.0,0.0,0,0,0,0,0,0
W1,216794,0,0.0,15.0,15.0,13.2770047150781,13.2770047150781,13,13,0,0,0.0002626551024150103,0.0002626551024150103,0.00030577005326029106,0.00030577005326029106,0.00028884908166575314,0.00028884908166575314,0.0,0.0,0.0,0.0,0,0,0,0,0,0
W1,216801,0,0.0,11.0,11.0,11.0,11.0,10,10,0,0,1.0910815531546673e-05,1.0910815531546673e-05,1.083018317276118e-05,1.083018317276118e-05,1.0910815531546673e-05,1.0910815531546673e-05,0.0,0.0,0.0,0.0,0,0,0,0,0,0
W1,216934,0,0.0,19.0,15.0,12.043592356156413,12.043592356156413,10,10,0,0,1.1973555756053669e-05,1.1973555756053669e-05,1.9841173807629346e-05,1.9841173807629346e-05,1.7165219377040465e-05,1.7165219377040465e-05,0.0,0.0,0.0,0.0,0,0,0,0,0,0
W1,218680,0,0.0,16.0,16.0,15.817077653051266,15.817077653051266,14,14,0,0,3.7589134418425374e-06,3.7589134418425374e-06,6.6970845114863825e-06,6.6970845114863825e-06,3.793610246325872e-06,3.793610246325872e-06,0.0,0.0,0.0,0.0,0,0,0,0,0,0
W1,219011,0,0.0,20.0,19.0,18.332636612560258,18.332636612560258,13,13,0,0,2.2075914154839894e-05,2.2075914154839894e-05,2.816096462580063e-05,2.816096462580063e-05,2.37241105431401e-05,2.37241105431401e-05,0.0,0.0,0.0,0.0,0,0,0,0,0,0
W1,220847,0,0.0,23.0,23.0,23.0,23.0,17,17,0,0,0.00025606863124741483,0.00025606863124741483,0.00026666447304315706,0.00026666447304315706,0.00025606863124741483,0.00025606863124741483,0.0,0.0,0.0,0.0,0,0,0,0,0,0
W1,221468,0,0.0,8.0,8.0,8.0,8.0,7,7,0,0,0.0004517591678450117,0.0004517591678450117,0.00045736547275739334,0.00045736547275739334,0.0004517591678450117,0.0004517591678450117,0.0,0.0,0.0,0.0,0,0,0,0,0,0
W1,221529,0,0.0,7.0,7.0,7.0,7.0,6,6,0,0,1.1784420166804921e-05,1.1784420166804921e-05,1.1867975679454725e-05,1.1867975679454725e-05,1.1784420166804921e-05,1.1784420166804921e-05,0.0,0.0,0.0,0.0,0,0,0,0,0,0
W1,221669,0,0.0,9.0,9.0,9.0,9.0,8,8,0,0,0.0002743674059754792,0.0002743674059754792,0.0004009113287356395,0.0004009113287356395,0.0002743674059754792,0.0002743674059754792,0.0,0.0,0.0,0.0,0,0,0,0,0,0
W1,221732,0,0.0,12.0,11.0,10.941580294310889,10.941580294310889,10,10,0,0,0.00016088295099810543,0.00016088295099810543,0.00018932590046842322,0.00018932590046842322,0.00017227944871064298,0.00017227944871064298,0.0,0.0,0.0,0.0,0,0,0,0,0,0
W1,223056,0,0.0,10.0,10.0,10.0,10.0,8,8,0,0,0.0001744043816870544,0.0001744043816870544,0.0005544679704290846,0.0005544679704290846,0.0001744043816870544,0.0001744043816870544,0.0,0.0,0.0,0.0,0,0,0,0,0,0
W1,224035,0,0.0,11.0,11.0,11.0,11.0,9,9,0,0,6.524457322401841e-05,6.524457322401841e-05,6.580959539450844e-05,6.580959539450844e-05,6.524457322401841e-05,6.524457322401841e-05,0.0,0.0,0.0,0.0,0,0,0,0,0,0
W1,225038,0,0.0,23.0,23.0,23.0,23.0,17,17,0,0,6.559070796989228e-05,6.558851996289931e-05,7.005971091057127e-05,7.005739587251317e-05,6.559070796989228e-05,6.558851996289931e-05,-2.1880069929670507e-09,-2.315038058104432e-09,-2.1880069929670507e-09,0.0,0,0,0,0,0,0
W1,225193,0,0.0,79.0,75.0,63.954364468738774,63.954364468738774,56,56,0,0,2.0950315510260565e-05,2.0946152822086097e-05,2.8935336630281366e-05,2.892887731321006e-05,2.5588881611151947e-05,2.5583797270783496e-05,-4.1626881744676796e-09,-6.459317071305328e-09,-5.084340368450554e-09,-9.216521939828747e-10,0,0,0,0,0,0
W1,225948,0,0.0,10.0,10.0,10.0,10.0,8,8,0,0,2.6539499685895862e-05,2.6539499685895862e-05,2.6975418074701074e-05,2.6975418074701074e-05,2.6539499685895862e-05,2.6539499685895862e-05,0.0,0.0,0.0,0.0,0,0,0,0,0,0
W1,226473,0,0.0,14.0,14.0,14.0,14.0,13,13,0,0,4.3173878501485365e-05,4.3173878501485365e-05,4.344853457349592e-05,4.344853457349592e-05,4.3173878501485365e-05,4.3173878501485365e-05,0.0,0.0,0.0,0.0,0,0,0,0,0,0
W1,227147,0,0.0,57.0,49.0,49.0,49.0,42,42,0,0,9.16561459465788e-06,9.16561459465788e-06,1.5879002369857086e-05,1.5879002369857086e-05,1.0549103590077937e-05,1.0549103590077937e-05,0.0,0.0,0.0,0.0,0,0,0,0,0,0
W1,227471,0,0.0,5.0,5.0,5.0,5.0,4,4,0,0,9.052279619936598e-06,9.052279619936598e-06,9.539450137903978e-06,9.539450137903978e-06,9.052279619936598e-06,9.052279619936598e-06,0.0,0.0,0.0,0.0,0,0,0,0,0,0
W1,227706,0,0.0,57.0,49.0,48.98310003207496,48.98310003207496,42,42,0,0,9.885362875167461e-06,9.885362875167461e-06,1.747211778266346e-05,1.747211778266346e-05,1.1381122188399059e-05,1.1381122188399059e-05,0.0,0.0,0.0,0.0,0,0,0,0,0,0
W1,230513,0,0.0,13.0,13.0,12.0,12.0,11,11,0,0,2.045964444837759e-06,2.045964444837759e-06,2.8141949583234287e-06,2.8141949583234287e-06,2.173837222640119e-06,2.173837222640119e-06,0.0,0.0,0.0,0.0,0,0,0,0,0,0
W1,230615,0,0.0,15.0,15.0,12.20459964580639,12.20459964580639,13,13,0,0,0.00021087382513087504,0.00021087382513087504,0.0003119071214162165,0.0003119071214162165,0.0002472509512768802,0.0002472509512768802,0.0,0.0,0.0,0.0,0,0,0,0,0,0
W1,231039,0,0.0,15.0,14.0,12.0,12.0,8,8,0,0,1.990155590950356e-05,1.990155590950356e-05,2.529088567762226e-05,2.529088567762226e-05,2.363309764253548e-05,2.363309764253548e-05,0.0,0.0,0.0,0.0,0,0,0,0,0,0
W1,231400,0,0.0,11.0,11.0,10.0,10.0,9,9,0,0,1.6854748971375308e-05,1.6854748971375308e-05,4.980492857184302e-05,4.980492857184302e-05,1.8058659612187833e-05,1.8058659612187833e-05,0.0,0.0,0.0,0.0,0,0,0,0,0,0
W1,231676,0,0.0,15.0,15.0,14.409609428189292,14.409609428189292,10,10,0,0,3.4789985647876165e-06,3.4789985647876165e-06,3.3435114143586235e-06,3.3435114143586235e-06,3.5905689900052477e-06,3.5905689900052477e-06,0.0,0.0,0.0,0.0,0,0,0,0,0,0
W1,231691,0,0.0,19.0,16.0,16.0,16.0,16,16,0,0,4.2628739177380816e-05,4.2628739177380816e-05,8.791636002166842e-05,8.791636002166842e-05,4.902305005398794e-05,4.902305005398794e-05,0.0,0.0,0.0,0.0,0,0,0,0,0,0
W1,232130,0,0.0,14.0,14.0,14.0,14.0,12,12,0,0,7.879126314946916e-05,7.879126314946916e-05,0.00010028940467388418,0.00010028940467388418,7.879126314946916e-05,7.879126314946916e-05,0.0,0.0,0.0,0.0,0,0,0,0,0,0
W1,232857,0,0.0,19.0,19.0,18.22055059517938,18.22055059517938,13,13,0,0,0.00021681015965837136,0.00021681015965837136,0.0002792532830211647,0.0002792532830211647,0.00022441539649446681,0.00022441539649446681,0.0,0.0,0.0,0.0,0,0,0,0,0,0
W1,233063,0,0.0,22.0,18.0,17.0,17.0,12,12,0,0,0.00010420717742156491,0.00010420717742156491,0.00015488241497042416,0.00015488241497042416,0.00012901841014098514,0.00012901841014098514,0.0,0.0,0.0,0.0,0,0,0,0,0,0
W1,233376,0,0.0,8.0,8.0,6.0,6.0,5,5,0,0,2.583991522442375e-05,2.583991522442375e-05,3.574870367701876e-05,3.574870367701876e-05,3.10078982693085e-05,3.10078982693085e-05,0.0,0.0,0.0,0.0,0,0,0,0,0,0
W1,233549,0,0.0,16.0,16.0,15.0,15.0,14,14,0,0,1.8733661186272343e-05,1.8733661186272343e-05,2.3721870039584006e-05,2.3721870039584006e-05,1.9719643353970885e-05,1.9719643353970885e-05,0.0,0.0,0.0,0.0,0,0,0,0,0,0
W1,233890,0,0.0,10.0,10.0,10.0,10.0,9,9,0,0,0.00011017955621355213,0.00011017955621355213,0.0001064195944154212,0.0001064195944154212,0.00011017955621355213,0.00011017955621355213,0.0,0.0,0.0,0.0,0,0,0,0,0,0
W1,234091,0,0.0,7.0,7.0,7.0,7.0,6,6,0,0,6.535217081753737e-05,6.535217081753737e-05,7.198995735488161e-05,7.198995735488161e-05,6.535217081753737e-05,6.535217081753737e-05,0.0,0.0,0.0,0.0,0,0,0,0,0,0
W1,235904,1,0.39838188886642456,16.0,16.0,4.9415163686205625,4.948660449224696,5,5,1,1,0.0008205164263124232,0.0008211740903441012,0.0019718704543539266,0.00197360740022875,0.0016410328526248463,0.0016423481806882023,6.576640316779958e-07,1.7369458748233563e-06,1.3153280633559916e-06,6.576640316779958e-07,0,0,1,1,1,1
W1,236947,0,0.0,6.0,6.0,5.0,5.0,4,4,0,0,2.0939854948665015e-05,2.0939854948665015e-05,2.791269044549643e-05,2.791269044549643e-05,2.3266505498516686e-05,2.3266505498516686e-05,0.0,0.0,0.0,0.0,0,0,0,0,0,0
W1,237456,0,0.0,13.0,13.0,13.0,13.0,10,10,0,0,0.00021002462465101137,0.00021002462465101137,0.0002641880413739143,0.0002641880413739143,0.00021002462465101137,0.00021002462465101137,0.0,0.0,0.0,0.0,0,0,0,0,0,0
W1,238384,0,0.0,22.0,18.0,18.0,18.0,16,16,0,0,0.00010527571037693468,0.00010527571037693468,0.00022055236644709657,0.00022055236644709657,0.00012441674862728643,0.00012441674862728643,0.0,0.0,0.0,0.0,0,0,0,0,0,0
W1,239332,0,0.0,13.0,13.0,13.0,13.0,10,10,0,0,9.939293704519514e-05,9.939293704519514e-05,0.00011580644439818196,0.00011580644439818196,9.939293704519514e-05,9.939293704519514e-05,0.0,0.0,0.0,0.0,0,0,0,0,0,0
W1,239371,0,0.0,23.0,19.0,19.0,19.0,17,17,0,0,4.7627793786313816e-05,4.7627793786313816e-05,7.378485570413709e-05,7.378485570413709e-05,5.591088835784666e-05,5.591088835784666e-05,0.0,0.0,0.0,0.0,0,0,0,0,0,0
W1,239526,0,0.0,17.0,17.0,17.0,17.0,15,15,0,0,4.14915564431674e-06,4.14915564431674e-06,4.423710500020168e-06,4.423710500020168e-06,4.14915564431674e-06,4.14915564431674e-06,0.0,0.0,0.0,0.0,0,0,0,0,0,0
W1,240645,0,0.0,9.0,9.0,9.0,9.0,8,8,0,0,0.00011831745870141377,0.00011831745870141377,0.0002022705964532628,0.0002022705964532628,0.00011831745870141377,0.00011831745870141377,0.0,0.0,0.0,0.0,0,0,0,0,0,0
W1,241070,0,0.0,16.0,16.0,15.961587142510961,15.961587142510961,11,11,0,0,0.00032241334429272683,0.0003224133456569689,0.0004067507068891144,0.00040675070762282106,0.00032303377681437267,0.00032303377818123996,1.3642420526593924e-12,7.337066609651444e-13,1.3668672855897401e-12,2.625232930347776e-15,0,0,0,0,0,0
W1,242850,0,0.0,52.0,45.0,45.0,45.0,38,38,0,0,1.0238070392303119e-05,1.0238070392303119e-05,1.3993700280706322e-05,1.3993700280706322e-05,1.1700651876917849e-05,1.1700651876917849e-05,0.0,0.0,0.0,0.0,0,0,0,0,0,0
W1,242914,0,0.0,64.0,59.0,53.33872277049234,53.33872277049234,47,47,0,0,3.118645865107794e-05,3.1186458565812814e-05,5.6483566840456146e-05,5.648356675291857e-05,3.6985113825462537e-05,3.698511372434364e-05,-8.526512829121202e-14,-8.753757538716017e-14,-1.0111889488717204e-13,-1.5853766595960023e-14,0,0,0,0,0,0
W1,243630,0,0.0,23.0,23.0,21.0,21.0,18,18,0,0,0.0001606144245022821,0.0001606144245022821,0.00032264297906843065,0.00032264297906843065,0.00017346357846246467,0.00017346357846246467,0.0,0.0,0.0,0.0,0,0,0,0,0,0
W1,243745,0,0.0,90.0,76.0,61.405249466878644,61.405249466878644,55,55,0,0,4.852521774590082e-05,4.852521774590082e-05,0.00010712012915239898,0.00010712012915239898,6.97401279758831e-05,6.97401279758831e-05,0.0,0.0,0.0,0.0,0,0,0,0,0,0
W1,244815,0,0.0,13.0,13.0,13.0,13.0,10,10,0,0,8.575301315151871e-05,8.575301315151871e-05,9.89022230230114e-05,9.89022230230114e-05,8.575301315151871e-05,8.575301315151871e-05,0.0,0.0,0.0,0.0,0,0,0,0,0,0
W1,245566,0,0.0,95.0,73.0,54.226185190285634,54.226185190285634,48,48,0,0,8.052369841557874e-05,8.052369841587791e-05,0.00019229601106331352,0.00019229601106331715,0.00013691170247698633,0.000136911702477495,2.991720369702189e-16,3.63207727782644e-18,5.086534492215744e-16,2.0948141225135553e-16,0,0,0,0,0,0
W1,245716,0,0.0,74.0,66.0,57.840972254240036,57.840972254240036,52,52,0,0,1.6720736424276014e-05,1.6720301753406143e-05,2.7576488909597182e-05,2.7576430401985934e-05,2.108985990277841e-05,2.10893116525389e-05,-4.346708698712957e-10,-5.850761124835528e-11,-5.482502395084585e-10,-1.1357936963716283e-10,0,0,0,0,0,0
W1,246439,0,0.0,66.0,60.0,57.593803679097505,57.593803679097505,51,51,0,0,3.065673506026782e-05,3.065673506026782e-05,4.333399925789423e-05,4.333399925789423e-05,3.484070354542831e-05,3.484070354542831e-05,0.0,0.0,0.0,0.0,0,0,0,0,0,0
W1,246558,0,0.0,56.0,51.0,50.0,50.0,42,42,0,0,6.350545164736326e-05,6.3426310211863e-05,0.0001087684074891367,0.0001086262927327183,7.056161294151474e-05,7.047367801318111e-05,-7.914143550025795e-08,-1.4211475641839747e-07,-8.793492833363199e-08,-8.79349283337404e-09,0,0,0,0,0,0
W1,247073,0,0.0,65.0,60.0,55.0,55.0,47,47,0,0,1.2787462364153376e-05,1.2787462364153376e-05,1.6979530132266103e-05,1.6979530132266103e-05,1.4954828866552253e-05,1.4954828866552253e-05,0.0,0.0,0.0,0.0,0,0,0,0,0,0
W1,247083,0,0.0,78.0,71.0,65.0,65.0,57,57,0,0,2.018104642258354e-05,2.017860981631636e-05,2.6051949021847214e-05,2.6049116901963804e-05,2.3983272560171743e-05,2.3980376883158573e-05,-2.4366062671797985e-09,-2.832119883409138e-09,-2.895677013169557e-09,-4.5907074598975847e-10,0,0,0,0,0,0
W1,248287,0,0.0,93.0,79.0,63.964392605116764,63.964392605116764,56,56,0,0,1.248318757351985e-05,1.2483187534401798e-05,2.0773803427292447e-05,2.0773803336346428e-05,1.7816229178516398e-05,1.7816229122686414e-05,-3.911805165272668e-14,-9.094601902625253e-14,-5.582998459699971e-14,-1.6711932944273034e-14,0,0,0,0,0,0
W1,249003,0,0.0,25.0,25.0,21.00000009410791,21.00000009410791,16,16,0,0,6.932834738108795e-05,6.932834738108795e-05,8.398401808077195e-05,8.398401808077195e-05,8.042088265933238e-05,8.042088265933238e-05,0.0,0.0,0.0,0.0,0,0,0,0,0,0
W1,249792,0,0.0,6.0,6.0,6.0,6.0,5,5,0,0,0.00033401835632200044,0.00033401835632200044,0.00037386583674165017,0.00037386583674165017,0.00033401835632200044,0.00033401835632200044,0.0,0.0,0.0,0.0,0,0,0,0,0,0
W1,249932,0,0.0,25.0,25.0,23.0,23.0,18,18,0,0,0.00020506520595517941,0.00020506520595517941,0.00024175515537365697,0.00024175515537365697,0.00022025522121111863,0.00022025522121111863,0.0,0.0,0.0,0.0,0,0,0,0,0,0
W1,250306,0,0.0,15.0,15.0,13.0,13.0,13,13,0,0,0.00020386412494796484,0.00020386412494796484,0.0002845336259589134,0.0002845336259589134,0.0002278481396477254,0.0002278481396477254,0.0,0.0,0.0,0.0,0,0,0,0,0,0
W1,250663,0,0.0,10.0,10.0,10.0,10.0,9,9,0,0,0.00020871102060482372,0.00020871102060482372,0.00023901163362536026,0.00023901163362536026,0.00020871102060482372,0.00020871102060482372,0.0,0.0,0.0,0.0,0,0,0,0,0,0
W1,250682,0,0.0,12.0,12.0,12.0,12.0,9,9,0,0,7.369572434375489e-06,7.369572434375489e-06,7.636211835832236e-06,7.636211835832236e-06,7.369572434375489e-06,7.369572434375489e-06,0.0,0.0,0.0,0.0,0,0,0,0,0,0
W1,253373,0,0.0,8.0,8.0,8.0,8.0,7,7,0,0,3.273876922094132e-05,3.273876922094132e-05,4.513561084837988e-05,4.513561084837988e-05,3.273876922094132e-05,3.273876922094132e-05,0.0,0.0,0.0,0.0,0,0,0,0,0,0
W1,254035,0,0.0,25.0,22.0,21.0,21.0,17,17,0,0,1.976694472680819e-05,1.976694472680819e-05,5.5068567867995894e-05,5.5068567867995894e-05,2.29296558830975e-05,2.29296558830975e-05,0.0,0.0,0.0,0.0,0,0,0,0,0,0
W1,254083,0,0.0,24.0,21.0,20.0,20.0,17,17,0,0,0.00033390971282972376,0.00033390971282972376,0.0006845400186639441,0.0006845400186639441,0.0003895613316346777,0.0003895613316346777,0.0,0.0,0.0,0.0,0,0,0,0,0,0
W1,254953,0,0.0,9.0,9.0,9.0,9.0,8,8,0,0,0.00036807689886902354,0.00036807689886902354,0.00037123633221390563,0.00037123633221390563,0.00036807689886902354,0.00036807689886902354,0.0,0.0,0.0,0.0,0,0,0,0,0,0
W1,255068,0,0.0,19.0,19.0,19.0,19.0,13,13,0,0,0.00020809823304022613,0.00020809823304022613,0.0003739777155608352,0.0003739777155608352,0.00020809823304022613,0.00020809823304022613,0.0,0.0,0.0,0.0,0,0,0,0,0,0
W1,256015,0,0.0,4.0,4.0,4.0,4.0,3,3,0,0,0.0012669220013776794,0.0012669220013776794,0.0012508437136312573,0.0012508437136312573,0.0012669220013776794,0.0012669220013776794,0.0,0.0,0.0,0.0,0,0,1,1,1,1
W1,256573,0,0.0,29.0,29.0,25.498806184332295,25.498806184332295,19,19,0,0,0.0001292197728848178,0.00012921977263392269,0.0002746684468947533,0.00027466844705567687,0.00014455678235086882,0.00014455678207019517,-2.5089511631465333e-13,1.6092357481289898e-13,-2.806736505538143e-13,-2.977853423916099e-14,0,0,0,0,0,0
W1,256595,0,0.0,16.0,16.0,14.098032275596351,14.098032275596351,14,14,0,0,0.00037997771717623863,0.00037997771717623863,0.0004657486063902682,0.0004657486063902682,0.00041991053103447725,0.00041991053103447725,0.0,0.0,0.0,0.0,0,0,0,0,0,0
W1,256604,1,0.2150900661945343,18.0,18.0,10.970064335252355,10.971187793202603,11,11,0,0,0.0006901656461195671,0.0006902128444481706,0.001180968410141398,0.0011809211268301145,0.0010142671316966335,0.0010142603771728844,4.719832860352116e-08,-4.7283311283485494e-08,-6.754523749130312e-09,-5.395285235265147e-08,0,0,1,1,1,1
W1,256948,0,0.0,24.0,22.0,18.751496864363965,18.751496864363965,15,15,0,0,5.341452521179235e-06,5.341452521179235e-06,6.839457774108598e-06,6.839457774108598e-06,6.5736628884088004e-06,6.5736628884088004e-06,0.0,0.0,0.0,0.0,0,0,0,0,0,0
W1,258244,0,0.0,27.0,24.0,22.059801606225438,22.059801606225438,19,19,0,0,0.00032753386355082007,0.00032753386355082007,0.0008254366332479628,0.0008254366332479628,0.0003896249834707044,0.0003896249834707044,0.0,0.0,0.0,0.0,0,0,0,0,0,0
W1,258762,0,0.0,9.0,9.0,9.0,9.0,8,8,0,0,2.9321995845697933e-05,2.9321995845697933e-05,4.387131407922393e-05,4.387131407922393e-05,2.9321995845697933e-05,2.9321995845697933e-05,0.0,0.0,0.0,0.0,0,0,0,0,0,0
W1,259171,0,0.0,20.0,16.0,4.954491439336371,4.954491439336371,5,5,1,1,0.00017606400288059377,0.00017606400288059377,0.0006826905789957322,0.0006826905789957322,0.00035212800576118753,0.00035212800576118753,0.0,0.0,0.0,0.0,0,0,0,0,0,0
W1,259172,0,0.0,1.0,1.0,1.0,1.0,1,1,0,0,2.6890873414231464e-05,2.6890873414231464e-05,2.6890873414231464e-05,2.6890873414231464e-05,2.6890873414231464e-05,2.6890873414231464e-05,0.0,0.0,0.0,0.0,0,0,0,0,0,0
W1,259981,0,0.0,15.0,12.0,12.0,12.0,12,12,0,0,9.583255644732466e-05,9.583255644732466e-05,0.00016954033330557244,0.00016954033330557244,0.00011380116078119802,0.00011380116078119802,0.0,0.0,0.0,0.0,0,0,0,0,0,0
W1,260416,0,0.0,9.0,9.0,9.0,9.0,8,8,0,0,0.00012130732688496614,0.00012130732688496614,0.00013443106184825171,0.00013443106184825171,0.00012130732688496614,0.00012130732688496614,0.0,0.0,0.0,0.0,0,0,0,0,0,0
W1,262094,0,0.0,7.0,7.0,6.0,6.0,5,5,0,0,0.00033560489620348174,0.00033560489620348174,0.0004102433202477586,0.0004102433202477586,0.0003691653858238299,0.0003691653858238299,0.0,0.0,0.0,0.0,0,0,0,0,0,0
W1,262286,0,0.0,61.0,52.0,49.0,49.0,41,41,0,0,0.0001483438029444202,0.0001483438029444202,0.00039529840469594026,0.00039529840469594026,0.0001819310790827795,0.0001819310790827795,0.0,0.0,0.0,0.0,0,0,0,0,0,0
W1,262609,0,0.0,15.0,15.0,14.980563941144384,14.980563941144384,10,10,0,0,0.0006460259969268615,0.0006460259969268615,0.0008672631554281278,0.0008672631554281278,0.0006466875262332332,0.0006466875262332332,0.0,0.0,0.0,0.0,0,0,1,1,1,1
W1,263081,0,0.0,95.0,74.0,58.72125259015503,58.72125259015503,50,50,0,0,0.00033898144454163324,0.00033898144450333873,0.0019550323814220712,0.001955032381338045,0.0005350525001295855,0.0005350525000691409,-3.8294508623165635e-14,-8.402610204849559e-14,-6.044459637671862e-14,-2.2150087753552983e-14,0,0,0,0,0,0
W1,263180,0,0.0,20.0,17.0,17.0,17.0,16,16,0,0,0.00028778943480674003,0.00028778943480674003,0.000717461400969361,0.000717461400969361,0.0003289022112077029,0.0003289022112077029,0.0,0.0,0.0,0.0,0,0,0,0,0,0
W1,263795,1,0.6765846610069275,91.0,71.0,55.990107698688405,55.990107698688405,51,51,0,0,6.214873208198291e-05,5.949891403127712e-05,0.0003149134189378608,0.0002892174326213201,9.841838553521152e-05,9.422214844756658e-05,-2.6498180507057966e-06,-2.5695986316540706e-05,-4.196237087644939e-06,-1.546419036939142e-06,0,0,0,0,0,0
W1,264347,0,0.0,97.0,94.0,71.19767043942525,71.19767043942525,63,63,0,0,0.00020430867894083093,0.00020430867894083093,0.0005921595613250436,0.0005921595613250436,0.0002744124445935648,0.0002744124445935648,0.0,0.0,0.0,0.0,0,0,0,0,0,0
W1,264460,0,0.0,80.0,69.0,66.09032951953054,66.09032951953054,59,59,0,0,0.0002340725906089247,0.000233990341637913,0.0004232681363582277,0.00042317926171293744,0.00028052511303532774,0.0002804265414690026,-8.224897101171162e-08,-8.887464529025229e-08,-9.85715663251105e-08,-1.6322595313398875e-08,0,0,0,0,0,0
W1,265237,1,0.16306304931640625,70.0,62.0,58.992788828559924,58.992788828559924,52,52,0,0,9.153920890737156e-05,9.120985843732601e-05,0.00019240282056058253,0.00019224127505469972,0.00010753455411509447,0.00010714765372162721,-3.2935047004555246e-07,-1.6154550588280258e-07,-3.869003934672561e-07,-5.754992342170363e-08,0,0,0,0,0,0
W1,265282,0,0.0,83.0,70.0,58.47195775091749,58.47195775091749,51,51,0,0,0.00011760940145951467,0.00011760940145951467,0.0004817238510330468,0.0004817238510330468,0.00016378577357498462,0.00016378577357498462,0.0,0.0,0.0,0.0,0,0,0,0,0,0
W1,266227,0,0.0,96.0,94.0,65.39538926748995,65.39538926748995,59,59,0,0,0.0003037937231074193,0.0003037937231074193,0.0007343833094934609,0.0007343833094934609,0.0004377722011709202,0.0004377722011709202,0.0,0.0,0.0,0.0,0,0,0,0,0,0
W1,266651,0,0.0,15.0,15.0,14.0,14.0,9,9,0,0,0.00017296222492101758,0.00017296222492101758,0.00044150908260949415,0.00044150908260949415,0.00018257123741662967,0.00018257123741662967,0.0,0.0,0.0,0.0,0,0,0,0,0,0
W1,266689,0,0.0,23.0,23.0,23.0,23.0,17,17,0,0,0.000268367768749949,0.00026822258555709953,0.00036544257193735853,0.0003653795469024836,0.000268367768749949,0.00026822258555709953,-1.451831928494596e-07,-6.302503487490545e-08,-1.451831928494596e-07,0.0,0,0,0,0,0,0
W1,267070,0,0.0,10.0,10.0,10.0,10.0,8,8,0,0,0.0012133601383538916,0.0012133601383538916,0.0013408171588134472,0.0013408171588134472,0.0012133601383538916,0.0012133601383538916,0.0,0.0,0.0,0.0,0,0,1,1,1,1
W1,267820,0,0.0,10.0,10.0,10.0,10.0,9,9,0,0,0.001289381509195664,0.001289381509195664,0.0016673396486461926,0.0016673396486461926,0.001289381509195664,0.001289381509195664,0.0,0.0,0.0,0.0,0,0,1,1,1,1
W1,267979,0,0.0,26.0,23.0,21.0,21.0,16,16,0,0,0.00020324073669214087,0.00020324073669214087,0.0002815901127630931,0.0002815901127630931,0.00024388888403056904,0.00024388888403056904,0.0,0.0,0.0,0.0,0,0,0,0,0,0
W1,268172,0,0.0,15.0,14.0,11.53485411735756,11.53485411735756,11,11,0,0,0.00032425022194123204,0.00032425022194123204,0.0004725884210673654,0.0004725884210673654,0.0003965762517203051,0.0003965762517203051,0.0,0.0,0.0,0.0,0,0,0,0,0,0
W1,269077,0,0.0,7.0,7.0,4.224750788547807,4.224750788547807,5,5,0,0,0.0005704217006236181,0.0005704217006236181,0.0012194800570520877,0.0012194800570520877,0.0007628971221348913,0.0007628971221348913,0.0,0.0,0.0,0.0,0,0,1,1,1,1
W1,269335,0,0.0,6.0,6.0,3.194358662823221,3.194358662823221,3,3,0,0,0.0004956766836888468,0.0004956766836888468,0.0008681179436960318,0.0008681179436960318,0.0006889796671526139,0.0006889796671526139,0.0,0.0,0.0,0.0,0,0,1,1,1,1
W1,269601,0,0.0,5.0,5.0,2.0,2.0,2,2,0,0,0.0009062482276931405,0.0009062482276931405,0.0023597486775507274,0.0023597486775507274,0.0009062482276931405,0.0009062482276931405,0.0,0.0,0.0,0.0,0,0,1,1,1,1
W1,270094,0,0.0,13.0,13.0,11.63674034080437,11.63674034080437,8,8,0,0,7.8378037904678e-05,7.837803783471687e-05,0.00020279486203554962,0.00020279486202133047,8.521127903508979e-05,8.521127895902922e-05,-6.996112673560151e-14,-1.4219148861821518e-14,-7.606056355493468e-14,-6.0994368193331705e-15,0,0,0,0,0,0
W1,270658,0,0.0,12.0,12.0,12.0,12.0,9,9,0,0,0.00035426545825127204,0.00035426545825127204,0.00042588391354898483,0.00042588391354898483,0.00035426545825127204,0.00035426545825127204,0.0,0.0,0.0,0.0,0,0,0,0,0,0
W1,270804,0,0.0,10.0,10.0,10.0,10.0,8,8,0,0,7.244037151394877e-05,7.244037151394877e-05,0.00015412277874200962,0.00015412277874200962,7.244037151394877e-05,7.244037151394877e-05,0.0,0.0,0.0,0.0,0,0,0,0,0,0
W1,271076,0,0.0,12.0,12.0,12.0,12.0,9,9,0,0,0.0009770818614924792,0.0009770818614924792,0.0009902134992400803,0.0009902134992400803,0.0009770818614924792,0.0009770818614924792,0.0,0.0,0.0,0.0,0,0,1,1,1,1
W1,271318,0,0.0,8.0,8.0,6.58171613029397,6.58171613029397,6,6,0,0,0.00018017209293930136,0.00018017209293930136,0.00026218865642113533,0.00026218865642113533,0.0002043208387609196,0.0002043208387609196,0.0,0.0,0.0,0.0,0,0,0,0,0,0
W1,271435,0,0.0,8.0,8.0,8.0,8.0,7,7,0,0,0.0003606542204579455,0.0003606542204579455,0.00049892017569879,0.00049892017569879,0.0003606542204579455,0.0003606542204579455,0.0,0.0,0.0,0.0,0,0,0,0,0,0
W1,271679,0,0.0,70.0,63.0,54.709067764141444,54.709067764141444,49,49,0,0,0.0006467676463368393,0.0006467676463887089,0.004559219759933525,0.004559219761415328,0.0008152199932930756,0.0008152199933584548,5.1869532974313515e-14,1.4818033952646026e-12,6.537923414456914e-14,1.3509701170255628e-14,0,0,1,1,1,1
W1,272679,1,13.660629272460938,25.0,25.0,23.124873830878823,23.124873830878823,20,20,0,0,0.0003605712989951826,0.0003607002993953756,0.0005172665157619266,0.0005174553665733333,0.00038549737543688,0.00038563529355693923,1.2900040019303343e-07,1.8885081140671174e-07,1.3791812005924282e-07,8.91771986620939e-09,0,0,0,0,0,0
W1,272952,0,0.0,18.0,17.0,1.9421922638632285,1.9421922638632285,1,1,0,0,0.0003195503442030814,0.0003195503442030814,0.0028815160129349524,0.0028815160129349524,0.0003195503442030814,0.0003195503442030814,0.0,0.0,0.0,0.0,0,0,0,0,0,0
W1,274107,0,0.0,10.0,9.0,9.0,9.0,8,8,0,0,0.00050794100825442,0.00050794100825442,0.0006862901820484514,0.0006862901820484514,0.00054701339350476,0.00054701339350476,0.0,0.0,0.0,0.0,0,0,0,0,1,1
W1,274548,0,0.0,6.0,6.0,3.9391429644543776,3.9391429644543776,3,3,0,0,0.0004913125837144131,0.0004913125837144131,0.0007368583510859309,0.0007368583510859309,0.0006188483894472592,0.0006188483894472592,0.0,0.0,0.0,0.0,0,0,1,1,1,1
W1,274989,1,1.8740921020507812,27.0,27.0,4.874160787067906,4.896289994845673,5,5,1,1,0.00028609305768946395,0.0002873121138017504,0.0021833119451504968,0.0021623477522965005,0.0005721861153789279,0.0005746242276035007,1.2190561122864241e-06,-2.096419285399628e-05,2.4381122245728483e-06,1.2190561122864241e-06,0,0,0,0,1,1
W1,276945,0,0.0,10.0,10.0,10.0,10.0,9,9,0,0,0.0004235751090163831,0.0004235751090163831,0.0004595413224736417,0.0004595413224736417,0.0004235751090163831,0.0004235751090163831,0.0,0.0,0.0,0.0,0,0,0,0,0,0
W1,277446,0,0.0,5.0,5.0,2.1877190231516725,2.1877190231516725,4,4,0,0,3.3220444697690256e-05,3.3220444697690256e-05,3.592975340022745e-05,3.592975340022745e-05,4.831893645470134e-05,4.831893645470134e-05,0.0,0.0,0.0,0.0,0,0,0,0,0,0
W1,277599,0,0.0,4.0,4.0,1.0,1.0,1,1,0,0,0.00015033587988000363,0.00015033587988000363,0.0006013435195200145,0.0006013435195200145,0.00015033587988000363,0.00015033587988000363,0.0,0.0,0.0,0.0,0,0,0,0,0,0
W1,277716,1,0.18360358476638794,23.0,21.0,17.433728306587465,17.433728306587465,13,13,0,0,7.398103984031626e-05,7.33318549387706e-05,0.00018133537595959237,0.00018104455335501323,9.319368273762381e-05,9.237590656303518e-05,-6.491849015456669e-07,-2.9082260457913853e-07,-8.177761745886339e-07,-1.6859127304296698e-07,0,0,0,0,0,0
W1,277987,0,0.0,27.0,27.0,24.839240954717194,24.839240954717194,19,19,0,0,0.0007082285544836648,0.0007082285544836648,0.00082102105114192,0.00082102105114192,0.0007612920611699541,0.0007612920611699541,0.0,0.0,0.0,0.0,0,0,1,1,1,1
W2,1186,1,7.184635162353516,95.0,66.0,58.594310026070026,59.110257504544236,55,56,0,0,0.00010391504516081898,0.00010548598951039457,0.00031690263619946223,0.00031402126614528907,0.00016435342871638623,0.0001654740984185829,1.5709443495755889e-06,-2.881370054173165e-06,1.1206697021966553e-06,-4.502746473789335e-07,0,0,0,0,0,0
W2,2283,0,0.0,95.0,52.0,49.973559142965726,49.973559142965726,48,48,0,0,1.0105058450688752e-06,1.010505835046483e-06,2.9385257920517006e-06,2.938525745840302e-06,1.8535016080157218e-06,1.853501589632335e-06,-1.0022392199268552e-14,-4.621139862643394e-14,-1.8383386870738207e-14,-8.360994671469655e-15,0,0,0,0,0,0
W2,3414,0,0.0,20.0,17.0,17.0,17.0,16,16,0,0,0.00018814682324883592,0.00018814682324883592,0.0002494742197062332,0.0002494742197062332,0.0002150249408558125,0.0002150249408558125,0.0,0.0,0.0,0.0,0,0,0,0,0,0
W2,3454,0,0.0,96.0,58.0,47.29245554295858,47.29245554295858,45,45,0,0,1.0622840307597728e-05,1.0619497727459125e-05,6.0968260007671816e-05,6.095985225426806e-05,2.0710336822733824e-05,2.070382011359362e-05,-3.342580138603724e-09,-8.407753403758857e-09,-6.516709140202807e-09,-3.174129001599083e-09,0,0,0,0,0,0
W2,3469,1,34.99534606933594,78.0,72.0,64.90023811443518,64.90023811443518,61,61,0,0,0.00025258362391313905,0.00024826424066826114,0.0005092417485050141,0.0004989932192817994,0.0003006064670847356,0.00029546585457347364,-4.319383244877914e-06,-1.024852922321465e-05,-5.140612511261974e-06,-8.212292663840599e-07,0,0,0,0,0,0
W2,4289,0,0.0,94.0,79.0,58.05086020552972,58.05086020552972,58,58,0,0,0.0004039228658855097,0.0004039228658861144,0.0007791433522525124,0.0007791433522525198,0.000637935408561062,0.0006379354085620172,6.047137617037901e-16,7.48099499014998e-18,9.551821139597294e-16,3.504683522559393e-16,0,0,1,1,1,1
W2,8068,0,0.0,31.0,21.0,18.0,18.0,16,16,0,0,0.00018900611791734665,0.00018900611791734665,0.0006216487909880911,0.0006216487909880911,0.0003006915512321424,0.0003006915512321424,0.0,0.0,0.0,0.0,0,0,0,0,0,0
W2,8914,0,0.0,58.0,48.0,44.00108077569551,44.00108077569551,41,41,0,0,0.00012425578142748675,0.00012425578142748675,0.00022668763934498358,0.00022668763934498358,0.0001604934373145383,0.0001604934373145383,0.0,0.0,0.0,0.0,0,0,0,0,0,0
W2,9910,0,0.0,64.0,53.0,49.0,49.0,47,47,0,0,7.272478745405653e-05,7.272478745405653e-05,0.00012196913496766112,0.00012196913496766112,9.330727446935555e-05,9.330727446935555e-05,0.0,0.0,0.0,0.0,0,0,0,0,0,0
W2,10235,0,0.0,79.0,71.0,63.653085483761366,63.653085483761366,60,60,0,0,0.0002654506940223632,0.0002654506940223632,0.00036537318877836685,0.00036537318877836685,0.0003256674465962759,0.0003256674465962759,0.0,0.0,0.0,0.0,0,0,0,0,0,0
W2,10896,0,0.0,94.0,72.0,55.65473681345684,55.65473681345684,53,53,0,0,0.0003731398769266458,0.0003731398769266458,0.0008139420322220115,0.0008139420322220115,0.0006129891755814836,0.0006129891755814836,0.0,0.0,0.0,0.0,0,0,1,1,1,1
W2,11684,0,0.0,27.0,18.0,16.0,16.0,14,14,0,0,0.00018532015983257425,0.00018532015983257425,0.00035253879357713587,0.00035253879357713587,0.00028724624774049013,0.00028724624774049013,0.0,0.0,0.0,0.0,0,0,0,0,0,0
W2,11948,0,0.0,17.0,16.0,14.0,14.0,14,14,0,0,1.1802854919248438e-05,1.1802854919248438e-05,2.2521892672363837e-05,2.2521892672363837e-05,1.3769997405789845e-05,1.3769997405789845e-05,0.0,0.0,0.0,0.0,0,0,0,0,0,0
W2,12284,0,0.0,91.0,77.0,65.06346279174167,65.06346279174167,60,60,0,0,0.0003346099742980925,0.0003346099742980925,0.0005511792176945122,0.0005511792176945122,0.00046027155710645694,0.00046027155710645694,0.0,0.0,0.0,0.0,0,0,0,0,1,1
W2,13662,0,0.0,99.0,98.0,80.75754057503326,80.75754057503326,76,76,0,0,8.908959800268284e-05,8.90895975617157e-05,0.0001562284652037857,0.00015622846425761324,0.00010826445095056642,0.00010826445041468945,-4.4096714127417336e-13,-9.461724752215378e-13,-5.358769661735832e-13,-9.490982489940986e-14,0,0,0,0,0,0
W2,14431,1,6.029056549072266,90.0,70.0,51.44619821066766,51.44619821066766,50,50,0,0,6.499227888033747e-05,6.3456731423288e-05,0.00025482412393962306,0.00025111551164274087,0.00011018382525596353,0.00010758055459682424,-1.535547457049479e-06,-3.708612296882195e-06,-2.6032706591392815e-06,-1.0677232020898025e-06,0,0,0,0,0,0
W2,17473,1,0.5581281781196594,95.0,71.0,56.08207027253903,56.2082137064246,52,53,0,0,6.179615494052875e-05,6.190449908086879e-05,0.00020449749879885738,0.00020341587006607258,0.00010182437641315005,0.00010178919173534715,1.083441403400379e-07,-1.081628732784801e-06,-3.518467780289861e-08,-1.435288181429365e-07,0,0,0,0,0,0
W2,17706,0,0.0,84.0,69.0,62.07004575498877,62.07004575498877,60,60,0,0,0.00012000265035652129,0.00012000265035652129,0.0001843070066031834,0.0001843070066031834,0.00015983390219729792,0.00015983390219729792,0.0,0.0,0.0,0.0,0,0,0,0,0,0
W2,19273,0,0.0,84.0,69.0,63.352282657859845,63.352282657859845,61,61,0,0,0.00022934539087127303,0.00022934539017832467,0.0003410917929609033,0.0003410917916287144,0.0002996542002770086,0.00029965419937162793,-6.92948357115114e-13,-1.3321888622623568e-12,-9.053806424193234e-13,-2.1243228530420932e-13,0,0,0,0,0,0
W2,21520,0,0.0,98.0,97.0,77.33678022410909,77.33678022410909,76,76,0,0,0.00013671304706781588,0.00013671304706781588,0.0005465803857821618,0.0005465803857821618,0.0001714443424302632,0.0001714443424302632,0.0,0.0,0.0,0.0,0,0,0,0,0,0
W2,21683,0,0.0,97.0,94.0,72.42198859262875,72.42198859262875,70,70,0,0,5.6752259936403566e-05,5.6752259936403566e-05,0.00016998098153105025,0.00016998098153105025,7.500430647168e-05,7.500430647168e-05,0.0,0.0,0.0,0.0,0,0,0,0,0,0
W2,23561,0,0.0,8.0,8.0,8.0,8.0,8,8,0,0,0.00032544965290526306,0.00032544965290526306,0.00035572603689388183,0.00035572603689388183,0.00032544965290526306,0.00032544965290526306,0.0,0.0,0.0,0.0,0,0,0,0,0,0
W2,23739,0,0.0,94.0,76.0,60.8357334174548,60.8357334174548,59,59,0,0,0.00024107845814262644,0.00024107845876185688,0.000533699217404469,0.0005336992187170456,0.0003643930229933511,0.00036439302392932545,6.19230442746796e-13,1.3125765665339406e-12,9.359743340618676e-13,3.1674389131507164e-13,0,0,0,0,0,0
W2,25600,0,0.0,89.0,68.0,57.00164547785157,57.00164547785157,53,53,0,0,0.0003049564801497456,0.0003049564801497456,0.0006042654405755608,0.0006042654405755608,0.00046492110879572284,0.00046492110879572284,0.0,0.0,0.0,0.0,0,0,0,0,1,1
W2,27513,0,0.0,86.0,74.0,59.12473417185713,59.12473417185713,56,56,0,0,0.00021308913582195667,0.0002130891371756232,0.0004057005663752229,0.0004057005700632435,0.0003038115324456484,0.00030381153437563654,1.3536665278285342e-12,3.68802059204365e-12,1.9299881246111206e-12,5.763215967825863e-13,0,0,0,0,0,0
W2,28594,0,0.0,100.0,94.0,81.41517409678181,81.41517409678181,78,78,0,0,4.8787680386916945e-05,4.878768039981329e-05,0.0001271784431980927,0.00012717844319811025,5.940301373723398e-05,5.940301375293635e-05,1.2896347672489844e-14,1.7536970139953034e-17,1.5702371315099578e-14,2.806023642609734e-15,0,0,0,0,0,0
W2,29176,0,0.0,96.0,61.0,48.95607175769794,48.95607175769794,45,45,0,0,0.00014644914360491322,0.00014644914360491322,0.00046794349044817596,0.00046794349044817596,0.0002765483517640726,0.0002765483517640726,0.0,0.0,0.0,0.0,0,0,0,0,0,0
W2,29917,1,0.0002394357870798558,87.0,76.0,66.01843953341239,66.01843953341239,63,63,0,0,5.878572647410746e-05,5.87670849793637e-05,0.00020925890999925998,0.00020925354210341572,7.640131863537216e-05,7.63770910742756e-05,-1.8641494743757694e-08,-5.367895844265785e-09,-2.422756109656519e-08,-5.586066352807496e-09,0,0,0,0,0,0
W2,30386,0,0.0,69.0,59.0,58.0,58.0,56,56,0,0,0.00010779767209919962,0.00010779767209919962,0.00013751258283787847,0.00013751258283787847,0.0001269230655361544,0.0001269230655361544,0.0,0.0,0.0,0.0,0,0,0,0,0,0
W2,30416,0,0.0,27.0,21.0,18.0,18.0,18,18,0,0,0.00021452589421801072,0.00021452589421801072,0.0004596580965153617,0.0004596580965153617,0.0003022864873071969,0.0003022864873071969,0.0,0.0,0.0,0.0,0,0,0,0,0,0
W2,30487,0,0.0,99.0,88.0,68.666529453787,68.666529453787,67,67,0,0,0.0001701055675410221,0.0001701055675410221,0.0005176778938473876,0.0005176778938473876,0.0002411133927603884,0.0002411133927603884,0.0,0.0,0.0,0.0,0,0,0,0,0,0
W2,30865,0,0.0,93.0,71.0,56.96251578023492,56.96251578023492,54,54,0,0,0.0003131470671033084,0.0003131470671033084,0.0006225581486904674,0.0006225581486904674,0.0004982613515905637,0.0004982613515905637,0.0,0.0,0.0,0.0,0,0,0,0,1,1
W2,31347,0,0.0,98.0,88.0,66.73609846714322,66.73609846714322,63,63,0,0,4.726632691294077e-05,4.726632691294077e-05,0.0001825387828657255,0.0001825387828657255,6.815707184301917e-05,6.815707184301917e-05,0.0,0.0,0.0,0.0,0,0,0,0,0,0
W2,31962,0,0.0,89.0,69.0,57.376522036212556,57.376522036212556,54,54,0,0,0.0001018880886483702,0.00010188808505126757,0.00018603995600266477,0.0001860399480355938,0.00015438463976026156,0.00015438463430979716,-3.5971026369130063e-12,-7.967070959121608e-12,-5.450464407065481e-12,-1.8533617701524743e-12,0,0,0,0,0,0
W2,32237,1,5.226276874542236,93.0,67.0,50.016307220829816,50.016307220829816,49,49,0,0,5.471688463662685e-05,5.4161013523263156e-05,0.0001248434334412711,0.0001237643299689221,9.82580646998784e-05,9.725985692207078e-05,-5.558711133636911e-07,-1.07910347234901e-06,-9.982077778076203e-07,-4.423366644439291e-07,0,0,0,0,0,0
W2,32369,0,0.0,91.0,67.0,54.104660470612615,54.104660470612615,51,51,0,0,0.0002661629601773713,0.0002661629601773713,0.0005929929825171339,0.0005929929825171339,0.0004351713100473036,0.0004351713100473036,0.0,0.0,0.0,0.0,0,0,0,0,1,1
W2,34165,1,5.290980339050293,95.0,92.0,73.66066347232552,73.66066347232552,70,70,0,0,9.453400983440923e-05,9.398637952334579e-05,0.00016671643139106468,0.00016554810355032975,0.00012050974785892162,0.00011981164152849346,-5.476303110634411e-07,-1.1683278407349329e-06,-6.981063304281582e-07,-1.5047601936471716e-07,0,0,0,0,0,0
W2,35607,1,4.8700690269470215,77.0,71.0,61.444011484872,61.444011484872,58,58,0,0,4.847652170700736e-05,4.8214478069909306e-05,7.848854965242369e-05,7.795493249024877e-05,5.999935164694582e-05,5.967502044958563e-05,-2.6204363709805676e-07,-5.336171621749111e-07,-3.243311973601923e-07,-6.228756026213552e-08,0,0,0,0,0,0
W2,36337,0,0.0,86.0,74.0,60.72186716353596,60.72186716353596,59,59,0,0,7.605226923794676e-06,7.605226923794676e-06,1.813670167872672e-05,1.813670167872672e-05,1.0575566700077354e-05,1.0575566700077354e-05,0.0,0.0,0.0,0.0,0,0,0,0,0,0
W2,36455,1,5.910987965762615e-05,97.0,67.0,61.57619428947379,61.57619428947379,59,59,0,0,0.00017923209691499101,0.00017923208938821914,0.0006203832575350811,0.0006203832574480147,0.0002760520335856068,0.0002760520219929249,-7.526771876121066e-12,-8.706642178057944e-14,-1.1592681892561019e-11,-4.0659100164399525e-12,0,0,0,0,0,0
W2,37844,0,0.0,99.0,99.0,82.10691593693079,82.1069160595001,83,83,0,0,0.00012025670602522747,0.00012025670573124938,0.0002500219415022249,0.0002500219415134319,0.00014384954548448705,0.00014384954492807089,-2.9397808514776413e-13,1.120701838622229e-14,-5.564161598917844e-13,-2.6243807474402026e-13,0,0,0,0,0,0
W2,39544,1,2.608891725540161,96.0,80.0,63.37609331542533,63.37609331542533,63,63,0,0,2.0474089398065808e-05,2.0350829207270952e-05,0.00012532441106923316,0.00012469332072561931,3.0387765734969375e-05,3.0204822223807622e-05,-1.2326019079485567e-07,-6.310903436138439e-07,-1.8294351116175317e-07,-5.96833203668975e-08,0,0,0,0,0,0
W2,40673,0,0.0,81.0,71.0,58.247422985862194,58.247422985862194,56,56,0,0,0.0003677375860397548,0.0003677375860397548,0.0005583571414670885,0.0005583571414670885,0.0005021524316031283,0.0005021524316031283,0.0,0.0,0.0,0.0,0,0,0,0,1,1
W2,41110,0,0.0,80.0,68.0,62.0259398049546,62.0259398049546,59,59,0,0,0.00024032124499947515,0.00024032124645466667,0.0004814304061448977,0.0004814304071975713,0.0003057432372729525,0.00030574323912428686,1.4551915174156743e-12,1.0526736275197346e-12,1.851334352747508e-12,3.961428353318336e-13,0,0,0,0,0,0
W2,41325,0,0.0,77.0,61.0,57.17128544161221,57.17128544161221,56,56,0,0,0.00013481180390598888,0.00013481180239410158,0.00033675067908962603,0.00033675067712938406,0.00017851114354639432,0.0001785111415444277,-1.5118872950456441e-12,-1.9602419730826992e-12,-2.001966626329066e-12,-4.900793312834217e-13,0,0,0,0,0,0
W2,41421,1,0.022604765370488167,35.0,22.0,21.0,21.0,18,18,0,0,0.00012693713553554785,0.00012690572957626704,0.00042124122855743187,0.0004212406390409202,0.00019802193143545464,0.00019797293813897659,-3.140595928081296e-08,-5.895165116698645e-10,-4.899329647805196e-08,-1.7587337197238996e-08,0,0,0,0,0,0
W2,41809,0,0.0,64.0,52.0,49.0,49.0,45,45,0,0,0.0001881116317439431,0.0001881116308344484,0.0005524419928273496,0.0005524419907963219,0.00024135077280354965,0.00024135077163665077,-9.094947017729282e-13,-2.0310276897805846e-12,-1.166898880040207e-12,-2.574041782672787e-13,0,0,0,0,0,0
W2,43705,0,0.0,24.0,24.0,24.0,24.0,22,22,0,0,0.00014926288189620607,0.0001492628820477885,0.0001693310349689881,0.00016933103512826173,0.00014926288189620607,0.0001492628820477885,1.5158244126046994e-13,1.5927363594681054e-13,1.5158244126046994e-13,0.0,0,0,0,0,0,0
W2,45431,0,0.0,97.0,94.0,70.20473354276895,70.20473354276895,76,76,0,0,0.00031625649857540075,0.0003162564985566666,0.0006436089810370916,0.0006436089810349082,0.000430456452454011,0.000430456452428512,-1.8734146178811528e-14,-2.183366334951309e-15,-2.5499025634034833e-14,-6.764879455223305e-15,0,0,0,0,1,1
W2,46736,0,0.0,99.0,69.0,52.3687485877195,52.3687485877195,53,53,0,0,0.00015477359238442057,0.00015477359238442057,0.0005510345319252017,0.0005510345319252017,0.00028281060720706456,0.00028281060720706456,0.0,0.0,0.0,0.0,0,0,0,0,0,0
W2,47218,0,0.0,64.0,55.0,49.62352547461459,49.62352547461459,50,50,0,0,0.00033170471988798467,0.00033170471988798467,0.001775474132675003,0.001775474132675003,0.0004206348007286643,0.0004206348007286643,0.0,0.0,0.0,0.0,0,0,0,0,1,1
W2,47747,0,0.0,41.0,28.0,27.567780285364975,27.567780285364975,25,25,0,0,0.0002840703946036094,0.0002840703946036094,0.001481883663672728,0.001481883663672728,0.00040494351017416263,0.00040494351017416263,0.0,0.0,0.0,0.0,0,0,0,0,1,1
W2,49149,0,0.0,96.0,70.0,52.75032325276,52.75032325276,48,48,0,0,8.720361190961134e-05,8.720361190961134e-05,0.0003844841319417334,0.0003844841319417334,0.0001536618769926923,0.0001536618769926923,0.0,0.0,0.0,0.0,0,0,0,0,0,0
W2,50968,0,0.0,98.0,97.0,74.37053287531464,74.37053287531464,73,73,0,0,8.915887340902386e-05,8.915887326053493e-05,0.00021189802223867173,0.00021189802176811183,0.00011604112864957883,0.00011604112845631906,-1.4848892785929851e-13,-4.70559897471079e-13,-1.932597690820076e-13,-4.477084122270908e-14,0,0,0,0,0,0
W2,51025,0,0.0,82.0,74.0,63.11902445298533,63.11902445298533,59,59,0,0,0.0001923945480845312,0.0001923945480845312,0.0002930610658832016,0.0002930610658832016,0.0002465162637585647,0.0002465162637585647,0.0,0.0,0.0,0.0,0,0,0,0,0,0
W2,54208,1,1.2884160280227661,20.0,19.0,18.0,18.0,16,16,0,0,0.00042764353286202096,0.0004001828668378948,0.000527066852600329,0.0004909709748629395,0.00046652021766765923,0.0004365631274595216,-2.7460666024126134e-05,-3.6095877737389484e-05,-2.9957090208137616e-05,-2.4964241840114815e-06,0,0,0,0,1,1
W2,54309,0,0.0,97.0,94.0,71.30608908606133,71.30608908606133,69,69,0,0,0.0004451681416332914,0.0004451681416332914,0.0009813661609693696,0.0009813661609693696,0.0005970563981031993,0.0005970563981031993,0.0,0.0,0.0,0.0,0,0,0,0,1,1
W2,54850,1,3.0832271575927734,89.0,75.0,60.00231395408286,60.00231395408286,54,54,0,0,0.0001135855786091004,0.00011317029498953294,0.00019764679894604037,0.00019676928566957503,0.00016504807651524712,0.0001644446393231562,-4.15283619567463e-07,-8.775132764653421e-07,-6.03437192090914e-07,-1.88153572523451e-07,0,0,0,0,0,0
W2,55055,0,0.0,28.0,22.0,19.996060284915146,19.996060284915146,18,18,0,0,0.00011346138215222724,0.00011346138215222724,0.00022654425363799713,0.00022654425363799713,0.0001513066805868008,0.0001513066805868008,0.0,0.0,0.0,0.0,0,0,0,0,0,0
W2,55243,0,0.0,94.0,68.0,56.64577893749558,56.64577893749558,55,55,0,0,0.0004630873061662127,0.0004630873061662127,0.0015914844159536233,0.0015914844159536233,0.0007483217595582747,0.0007483217595582747,0.0,0.0,0.0,0.0,0,0,1,1,1,1
W2,56406,0,0.0,85.0,73.0,60.244544860620536,60.244544860620536,57,57,0,0,0.00013502053161123354,0.00013501987181027718,0.00024669939586879376,0.00024669920173173057,0.0001870482130345925,0.00018704729899145868,-6.598009563566539e-10,-1.9413706319609814e-10,-9.140431338249336e-10,-2.5424217746827966e-10,0,0,0,0,0,0
W2,56838,0,0.0,77.0,66.0,61.87164870710666,61.87164870710666,60,60,0,0,0.00016203386629230567,0.00016203386629230567,0.00023167202979916505,0.00023167202979916505,0.0001992472243716708,0.0001992472243716708,0.0,0.0,0.0,0.0,0,0,0,0,0,0
W2,58160,1,0.8815987706184387,100.0,100.0,86.18709741143202,86.18709728731193,87,87,0,0,0.00017395034246885598,0.0001738989097431154,0.00033697683504043205,0.00033686608464969324,0.00020059228133522175,0.00020053297153658784,-5.1432725740592315e-08,-1.107503907388013e-07,-5.930979863391075e-08,-7.877072893318435e-09,0,0,0,0,0,0
W2,61014,1,1.6409618854522705,100.0,92.0,81.7293301049411,81.7293301049411,78,78,0,0,0.00030781230605907595,0.00030807238632804155,0.0008260952155175964,0.0008269954932838046,0.00037341339062089355,0.0003737288993031533,2.6008026896560173e-07,9.002777662082224e-07,3.1550868225975253e-07,5.54284132941508e-08,0,0,0,0,1,1
W2,61355,0,0.0,34.0,20.0,19.356067617400996,19.356067617400996,17,17,0,0,0.0002512234718610696,0.0002512234718610696,0.001038513340641495,0.001038513340641495,0.00040873712506330525,0.00040873712506330525,0.0,0.0,0.0,0.0,0,0,0,0,1,1
W2,61899,0,0.0,77.0,70.0,66.01877784319971,66.01877784319971,64,64,0,0,0.00024209653053016894,0.00024186938911841162,0.00033847625389679876,0.00033816383364939864,0.0002800651421945407,0.00027980237762024974,-2.2714141175732738e-07,-3.1242024740011807e-07,-2.627645742909828e-07,-3.5623162533655406e-08,0,0,0,0,0,0
W2,62279,0,0.0,100.0,100.0,79.91684298636683,79.91684298636683,83,83,0,0,7.499987529911753e-05,7.499987515644055e-05,0.00017252566383312376,0.00017252566397495944,9.294900467568128e-05,9.294900449885854e-05,-1.4267698079852703e-13,1.4183568057025975e-13,-1.7682273559856826e-13,-3.414575480004123e-14,0,0,0,0,0,0
W2,62559,0,0.0,97.0,97.0,82.62282882300237,82.62282882300237,81,81,0,0,0.00016494118171811857,0.00016491877086854842,0.000303143051835665,0.0003031090254620056,0.0001923171937454232,0.00019229106326876548,-2.2410849570152127e-08,-3.402637365943449e-08,-2.6130476657719882e-08,-3.7196270875677548e-09,0,0,0,0,0,0
W2,65304,0,0.0,100.0,96.0,80.43331508574366,80.43331508574366,78,78,0,0,0.000128966753392743,0.00012896665571301202,0.000273218876567989,0.00027321884097018285,0.00015885367451490655,0.0001588535541987492,-9.76797309758335e-11,-3.559780616980979e-11,-1.203161573463344e-10,-2.2636426370500895e-11,0,0,0,0,0,0
W2,66832,0,0.0,95.0,84.0,72.0,72.0,67,67,0,0,2.976562260216896e-05,2.976562262131622e-05,0.00010248414982926984,0.00010248414983615958,3.877363996861483e-05,3.8773639993556655e-05,1.9147257699714607e-14,6.889738887912167e-15,2.494182703254022e-14,5.794569332825614e-15,0,0,0,0,0,0
W2,67841,1,13.127436637878418,100.0,100.0,84.76277642320792,84.7627799703368,83,83,0,0,0.00012324848742174767,0.0001226242001175848,0.0003460069936245489,0.0003451811291405107,0.00014440560794029423,0.00014367414829155478,-6.242873041628681e-07,-8.258644840382075e-07,-7.314596487394435e-07,-1.0717234457657539e-07,0,0,0,0,0,0
W2,70324,0,0.0,100.0,97.0,75.63408476364577,75.63408476364577,73,73,0,0,0.00027807862305151865,0.00027807862305151865,0.0006403363361254375,0.0006403363361254375,0.000363163297263893,0.000363163297263893,0.0,0.0,0.0,0.0,0,0,0,0,0,0
W2,75927,0,0.0,91.0,73.0,60.939027888076026,60.939027888076026,58,58,0,0,0.00016298322625704994,0.00016298322625704994,0.00029602678375368577,0.00029602678375368577,0.0002384299087615812,0.0002384299087615812,0.0,0.0,0.0,0.0,0,0,0,0,0,0
W2,77139,0,0.0,88.0,72.0,59.43939775197352,59.43939775197352,58,58,0,0,0.00029728777342180477,0.00029728777342180477,0.0005908566709697805,0.0005908566709697805,0.00043112759773882307,0.00043112759773882307,0.0,0.0,0.0,0.0,0,0,0,0,1,1
W2,77515,1,1.0081918844662141e-05,100.0,92.0,81.10051654810403,81.10051654810403,79,79,0,0,5.2989192015342466e-05,5.298968320387232e-05,0.0001402173918669207,0.0001402179526818798,6.475725639668159e-05,6.475785667044227e-05,4.911885298521904e-10,5.608149590877708e-10,6.0027376068395e-10,1.0908523083175961e-10,0,0,0,0,0,0
W2,79041,0,0.0,97.0,55.0,47.033775381941894,47.033775381941894,44,44,0,0,2.1073720017842345e-05,2.1073720022530462e-05,0.00013139938081192885,0.0001313993808168015,4.1706609120578985e-05,4.170660912985715e-05,4.688117298881633e-15,4.872648508638666e-15,9.278161734998375e-15,4.5900444361167414e-15,0,0,0,0,0,0
W2,79186,0,0.0,98.0,97.0,70.0,70.0,66,66,0,0,8.258534764477361e-05,8.258534764477361e-05,0.00016055514789448284,0.00016055514789448284,0.00011383385756441768,0.00011383385756441768,0.0,0.0,0.0,0.0,0,0,0,0,0,0
W2,81553,0,0.0,82.0,72.0,62.4928882930622,62.4928882930622,58,58,0,0,0.00021169262171305547,0.00021169261990836358,0.0003306600929637757,0.00033066009202872165,0.00027379718244578525,0.00027379718011164835,-1.8046918939720186e-12,-9.350540632578619e-13,-2.3341368985199673e-12,-5.294450045479487e-13,0,0,0,0,0,0
W2,82594,0,0.0,82.0,75.0,65.09937523481966,65.09937523481966,63,63,0,0,0.00028875098051791914,0.00028875098051791914,0.0004892442549669945,0.0004892442549669945,0.00035937494717069065,0.00035937494717069065,0.0,0.0,0.0,0.0,0,0,0,0,0,0
W2,83998,0,0.0,9.0,9.0,9.0,9.0,9,9,0,0,1.8269436280446724e-05,1.8269436280446724e-05,3.538309282768143e-05,3.538309282768143e-05,1.8269436280446724e-05,1.8269436280446724e-05,0.0,0.0,0.0,0.0,0,0,0,0,0,0
W2,86480,0,0.0,80.0,69.0,62.440177467945354,62.440177467945354,59,59,0,0,0.00021655274964231807,0.00021655274964231807,0.00037125965438149683,0.00037125965438149683,0.000273786610198789,0.000273786610198789,0.0,0.0,0.0,0.0,0,0,0,0,0,0
W2,87462,0,0.0,20.0,20.0,19.0,19.0,19,19,0,0,0.00033447864434492657,0.00033447864434492657,0.0005053337718407161,0.0005053337718407161,0.0003490211940990538,0.0003490211940990538,0.0,0.0,0.0,0.0,0,0,0,0,0,0
W2,88725,0,0.0,99.0,83.0,70.57337332756572,70.57337332756572,66,66,0,0,5.2083725340257e-05,5.208372534029289e-05,0.00016529544321477262,0.0001652954432147727,7.193752234436553e-05,7.19375223444151e-05,3.5887091909270197e-17,8.131516293641283e-20,4.957514433689969e-17,1.3688052427629493e-17,0,0,0,0,0,0
W2,88865,0,0.0,70.0,57.0,51.0,51.0,47,47,0,0,8.15958276923569e-05,8.15958276923569e-05,0.00013357284752139843,0.00013357284752139843,0.00010978347725880745,0.00010978347725880745,0.0,0.0,0.0,0.0,0,0,0,0,0,0
W2,93147,0,0.0,71.0,58.0,55.98313359583515,55.98313359583515,51,51,0,0,4.156775597604837e-05,4.156775618100492e-05,7.113612400897486e-05,7.113612421859707e-05,5.1974305297382685e-05,5.197430555365041e-05,2.049565486945959e-13,2.0962220945597992e-13,2.5626772432634295e-13,5.131117563174706e-14,0,0,0,0,0,0
W2,96150,1,1.456689476966858,19.0,15.0,10.750458532362881,11.295174890270983,10,11,0,0,6.084591287539167e-07,6.085477754988321e-07,3.6557694494032845e-06,3.5953221038011665e-06,9.487542323267892e-07,9.150989731654621e-07,8.864674491540421e-11,-6.044734560211802e-08,-3.365525916132717e-08,-3.3743905906242576e-08,0,0,0,0,0,0
W2,96640,0,0.0,18.0,16.0,16.0,16.0,15,15,0,0,0.00017491134894953575,0.00017491134894953575,0.00020150282837393693,0.00020150282837393693,0.00019240248384448931,0.00019240248384448931,0.0,0.0,0.0,0.0,0,0,0,0,0,0
W2,99575,0,0.0,79.0,69.0,61.63271307168017,61.63271307168017,58,58,0,0,1.0105398585817713e-05,1.0105398597330304e-05,1.6833693620643482e-05,1.6833693636941273e-05,1.277942116619252e-05,1.2779421180751497e-05,1.1512590604141962e-14,1.6297791431306094e-14,1.455897678619405e-14,3.046386182052087e-15,0,0,0,0,0,0
W2,99836,0,0.0,24.0,21.0,17.0,17.0,16,16,0,0,8.696053697738552e-05,8.696053697738552e-05,0.00014458101869538198,0.00014458101869538198,0.00011594738263651403,0.00011594738263651403,0.0,0.0,0.0,0.0,0,0,0,0,0,0
W2,99883,0,0.0,71.0,65.0,59.0,59.0,56,56,0,0,0.0001793299308063197,0.0001793299299864935,0.00026558692507440684,0.00026558692379622143,0.00021348801286466632,0.00021348801188868276,-8.198261947783836e-13,-1.2781854025721573e-12,-9.759835626309277e-13,-1.5615736785254408e-13,0,0,0,0,0,0
W2,100287,0,0.0,27.0,19.0,16.0,16.0,16,16,0,0,0.00018647929258515538,0.00018647929258515538,0.0005776401337205578,0.0005776401337205578,0.00028904290350699084,0.00028904290350699084,0.0,0.0,0.0,0.0,0,0,0,0,0,0
W2,100454,0,0.0,9.0,9.0,8.005925922830016,8.005925922830016,8,8,0,0,0.00015927864943263457,0.00015927864943263457,0.00017650422666877974,0.00017650422666877974,0.00017246670152169037,0.00017246670152169037,0.0,0.0,0.0,0.0,0,0,0,0,0,0
W2,101654,0,0.0,4.0,4.0,4.0,4.0,4,4,0,0,7.618759184424562e-06,7.618759184424562e-06,8.859070813261553e-06,8.859070813261553e-06,7.618759184424562e-06,7.618759184424562e-06,0.0,0.0,0.0,0.0,0,0,0,0,0,0
W2,101730,0,0.0,68.0,59.0,54.203584509021155,54.203584509021155,51,51,0,0,6.857926752629522e-05,6.85792680612921e-05,0.00011080135307753852,0.00011080135415695425,8.483510600842712e-05,8.483510667023816e-05,5.349968786125953e-13,1.0794157316021055e-12,6.618110465032856e-13,1.2681416789069033e-13,0,0,0,0,0,0
W2,102758,0,0.0,75.0,68.0,59.792751461686095,59.792751461686095,56,56,0,0,2.11024625571099e-06,2.110246278448358e-06,2.6342756347705597e-06,2.6342756641921085e-06,2.613297755330304e-06,2.6132977834879233e-06,2.2737367883136385e-14,2.942154881540888e-14,2.8157619380526694e-14,5.420251497390309e-15,0,0,0,0,0,0
W2,102833,0,0.0,79.0,70.0,60.02206044388311,60.02206044388311,56,56,0,0,0.0001766234867944594,0.0001766234867944594,0.0002618474946912618,0.0002618474946912618,0.00022897965642311303,0.00022897965642311303,0.0,0.0,0.0,0.0,0,0,0,0,0,0
W2,102967,0,0.0,90.0,65.0,51.42938177803271,51.42938177803271,50,50,0,0,3.535439955872417e-05,3.535439955872417e-05,7.387753451295951e-05,7.387753451295951e-05,5.995581137506279e-05,5.995581137506279e-05,0.0,0.0,0.0,0.0,0,0,0,0,0,0
W2,103943,0,0.0,20.0,17.0,15.0,15.0,14,14,0,0,4.904280636976455e-05,4.904280636976455e-05,7.856957052670685e-05,7.856957052670685e-05,6.194880804601837e-05,6.194880804601837e-05,0.0,0.0,0.0,0.0,0,0,0,0,0,0
W2,104988,0,0.0,9.0,9.0,9.0,9.0,9,9,0,0,1.6898377869741427e-05,1.6898377869741427e-05,1.989479965594119e-05,1.989479965594119e-05,1.6898377869741427e-05,1.6898377869741427e-05,0.0,0.0,0.0,0.0,0,0,0,0,0,0
W2,107950,0,0.0,62.0,48.0,43.4910003464695,43.4910003464695,43,43,0,0,0.0004980887685636556,0.0004980887685636556,0.004554727787652781,0.004554727787652781,0.0006922123873022424,0.0006922123873022424,0.0,0.0,0.0,0.0,0,0,1,1,1,1
W2,110492,0,0.0,65.0,59.0,57.38410165091298,57.38410165091298,55,55,0,0,0.00013783944713886815,0.00013783944713886815,0.0007334615395555913,0.0007334615395555913,0.00015494112639572114,0.00015494112639572114,0.0,0.0,0.0,0.0,0,0,0,0,0,0
W2,111492,0,0.0,2.0,2.0,2.0,2.0,2,2,0,0,9.767500523594208e-05,9.767500523594208e-05,9.899898815054845e-05,9.899898815054845e-05,9.767500523594208e-05,9.767500523594208e-05,0.0,0.0,0.0,0.0,0,0,0,0,0,0
W2,111762,0,0.0,13.0,13.0,13.0,13.0,13,13,0,0,1.6714958169709112e-07,1.6714958169709112e-07,2.1419967426891918e-07,2.1419967426891918e-07,1.6714958169709112e-07,1.6714958169709112e-07,0.0,0.0,0.0,0.0,0,0,0,0,0,0
W2,111778,0,0.0,79.0,72.0,66.30229262275971,66.30229262275971,63,63,0,0,8.985838434051894e-05,8.9848431108244e-05,0.00038335637307779284,0.00038335344532733356,0.00010608823157850381,0.00010607648063485745,-9.953232274939779e-09,-2.927750459278712e-09,-1.1750943646360746e-08,-1.7977113714209673e-09,0,0,0,0,0,0
W2,115023,1,0.000216360975173302,100.0,89.0,81.36622476982168,81.36622476982168,77,77,0,0,7.203276952232995e-05,7.203210296275797e-05,0.00018129211129419047,0.00018129210959156371,8.775611256702366e-05,8.775530051054965e-05,-6.665595719829035e-10,-1.7026267548625462e-12,-8.120564740120902e-10,-1.4549690202918675e-10,0,0,0,0,0,0
W2,115851,0,0.0,94.0,88.0,75.0,75.0,69,69,0,0,8.307702532245922e-05,8.307702532245922e-05,0.00016511915073295856,0.00016511915073295856,0.00010305757571646841,0.00010305757571646841,0.0,0.0,0.0,0.0,0,0,0,0,0,0
W2,115988,0,0.0,5.0,5.0,5.0,5.0,5,5,0,0,0.00011265695793554187,0.00011265695793554187,0.00013241667793456797,0.00013241667793456797,0.00011265695793554187,0.00011265695793554187,0.0,0.0,0.0,0.0,0,0,0,0,0,0
W2,119876,0,0.0,13.0,13.0,13.0,13.0,12,12,0,0,6.686887242652189e-05,6.686887242652189e-05,0.00014256371533227314,0.00014256371533227314,6.686887242652189e-05,6.686887242652189e-05,0.0,0.0,0.0,0.0,0,0,0,0,0,0
W2,121613,0,0.0,84.0,71.0,60.88046318703509,60.88046318703509,58,58,0,0,2.90829903994348e-05,2.9082905469953364e-05,5.438345835263366e-05,5.438335474122766e-05,3.9446437793953394e-05,3.944632260065791e-05,-8.492948143666362e-11,-1.0361140599462158e-10,-1.1519329548125967e-10,-3.0263814044596046e-11,0,0,0,0,0,0
W2,124349,0,0.0,63.0,47.0,44.96303232772165,44.96303232772165,41,41,0,0,0.00013787999983270994,0.0001378799998417327,0.0006164784200566564,0.0006164784200568632,0.00018867213792968585,0.00018867213794203242,9.02275758447868e-15,2.067573542929857e-16,1.2346569079613179e-14,3.323811495134499e-15,0,0,0,0,0,0
W2,125398,1,1.2866511344909668,91.0,76.0,59.75184742998158,59.75184742998158,57,57,0,0,0.00014907190649073352,0.00014896466755068069,0.0002624844290084712,0.0002623458780558018,0.0002221399329983899,0.00022198013058142923,-1.0723894005283349e-07,-1.3855095266939637e-07,-1.5980241696068615e-07,-5.2563476907852664e-08,0,0,0,0,0,0
W2,125743,0,0.0,63.0,55.0,51.98426955855286,51.98426955855286,48,48,0,0,6.603780241300051e-05,6.603780226863628e-05,0.00010156065312941898,0.00010156065290204414,7.90317136681314e-05,7.903171349536135e-05,-1.4436422977187613e-13,-2.273748409605675e-13,-1.7277004208792607e-13,-2.840581231604994e-14,0,0,0,0,0,0
W2,126027,0,0.0,10.0,9.0,9.0,9.0,9,9,0,0,0.00021802523770020343,0.00021802523770020343,0.00028486376499725906,0.00028486376499725906,0.0002347964098309883,0.0002347964098309883,0.0,0.0,0.0,0.0,0,0,0,0,0,0
W2,127522,0,0.0,27.0,16.0,11.522246173203087,11.522246173203087,11,11,0,0,0.00019678635698298046,0.00019678635913881974,0.0006235891920281381,0.0006235891992436481,0.000393008653412791,0.00039300865771829023,2.1558392820485855e-12,7.215509982040624e-12,4.3054992080251986e-12,2.149659925976613e-12,0,0,0,0,1,1
W2,128319,0,0.0,20.0,20.0,17.231830325532083,17.231830325532083,18,18,0,0,0.00021415821697701176,0.00021415821552182024,0.00034626370772556405,0.0003462637058364402,0.00024207979852153776,0.00024207979687662087,-1.4551915174156743e-12,-1.8891238399987298e-12,-1.6449168958355964e-12,-1.897253784199221e-13,0,0,0,0,0,0
W2,129163,0,0.0,15.0,15.0,15.0,15.0,14,14,0,0,4.693064749972109e-06,4.6930806358129e-06,5.1382448501795465e-06,5.138258681762949e-06,4.693064749972109e-06,4.6930806358129e-06,1.5885840791080084e-11,1.3831583402292035e-11,1.5885840791080084e-11,0.0,0,0,0,0,0,0
W2,129458,1,54.508399963378906,15.0,15.0,2.2608202435743854,3.1987044226020585,3,4,1,1,2.7460196482328076e-05,4.126484175988784e-05,0.00013505152080038672,0.00016680276130506645,5.492039296465615e-05,8.252968351977567e-05,1.380464527755976e-05,3.175124050467973e-05,2.760929055511952e-05,1.380464527755976e-05,0,0,0,0,0,0
W2,130114,0,0.0,46.0,28.0,25.553099405640317,25.553099405640317,25,25,0,0,1.6904260747462826e-05,1.6904260747462826e-05,0.00020261920550470895,0.00020261920550470895,2.859981032012599e-05,2.859981032012599e-05,0.0,0.0,0.0,0.0,0,0,0,0,0,0
W2,130367,0,0.0,9.0,9.0,6.681355353012407,6.681355353012407,8,8,0,0,0.0003233563412487052,0.0003233563412487052,0.0005174983962969719,0.0005174983962969719,0.00039354859915297536,0.00039354859915297536,0.0,0.0,0.0,0.0,0,0,0,0,1,1
W2,136283,0,0.0,9.0,9.0,8.693627743778084,8.693627743778084,9,9,0,0,1.8558466163338178e-06,1.8558466163338178e-06,2.375233774119822e-06,2.375233774119822e-06,1.900639163155328e-06,1.900639163155328e-06,0.0,0.0,0.0,0.0,0,0,0,0,0,0
W2,136568,0,0.0,8.0,8.0,8.0,8.0,8,8,0,0,6.754916194040561e-05,6.754916194040561e-05,6.658769850678181e-05,6.658769850678181e-05,6.754916194040561e-05,6.754916194040561e-05,0.0,0.0,0.0,0.0,0,0,0,0,0,0
W2,136805,0,0.0,23.0,20.0,17.968346446028754,17.968346446028754,18,18,0,0,0.0001623532792859558,0.0001623532792859558,0.0003317310894016633,0.0003317310894016633,0.00019953884792786602,0.00019953884792786602,0.0,0.0,0.0,0.0,0,0,0,0,0,0
W2,138039,0,0.0,21.0,19.0,17.0,17.0,15,15,0,0,6.757991425166394e-05,6.757991425166394e-05,9.832519141027121e-05,9.832519141027121e-05,8.04522788710285e-05,8.04522788710285e-05,0.0,0.0,0.0,0.0,0,0,0,0,0,0
W2,138478,0,0.0,66.0,57.0,51.76085411592318,51.76085411592318,49,49,0,0,0.00015033796311384663,0.00015033796305872574,0.001112847779450453,0.0011128477799436948,0.00018872841144239408,0.00018872841137319748,-5.512089265927167e-14,4.932417321801275e-13,-6.919660157367336e-14,-1.4075708914401686e-14,0,0,0,0,0,0
W2,138809,0,0.0,9.0,9.0,9.0,9.0,9,9,0,0,3.9023021953552314e-05,3.9023021953552314e-05,5.057751641212251e-05,5.057751641212251e-05,3.9023021953552314e-05,3.9023021953552314e-05,0.0,0.0,0.0,0.0,0,0,0,0,0,0
W2,139212,0,0.0,22.0,20.0,16.000046359772654,16.000046359772654,15,15,0,0,1.538545387553976e-05,1.538545387553976e-05,2.521689994000207e-05,2.521689994000207e-05,2.0001043676009804e-05,2.0001043676009804e-05,0.0,0.0,0.0,0.0,0,0,0,0,0,0
W2,140502,0,0.0,12.0,12.0,11.223396042092315,11.223396042092315,12,12,0,0,0.0003165753505527391,0.0003165753505527391,0.0003514914616858565,0.0003514914616858565,0.0003327250762470251,0.0003327250762470251,0.0,0.0,0.0,0.0,0,0,0,0,0,0
W2,140995,0,0.0,13.0,13.0,13.0,13.0,12,12,0,0,8.310940637994253e-05,8.310940637994253e-05,0.00018834925522591046,0.00018834925522591046,8.310940637994253e-05,8.310940637994253e-05,0.0,0.0,0.0,0.0,0,0,0,0,0,0
W2,141635,0,0.0,8.0,8.0,7.0,7.0,7,7,0,0,6.053524157323409e-05,6.053524111848674e-05,7.770650828374659e-05,7.770650784662186e-05,6.603844535261901e-05,6.603844485653099e-05,-4.547473508864641e-13,-4.3712472877488473e-13,-4.960880203809179e-13,-4.134066949445375e-14,0,0,0,0,0,0
W2,142254,0,0.0,94.0,93.0,79.00249662060325,79.00249662060325,74,74,0,0,6.657525827173513e-05,6.657525827173513e-05,0.0001183998029312663,0.0001183998029312663,7.86045670463668e-05,7.86045670463668e-05,0.0,0.0,0.0,0.0,0,0,0,0,0,0
W2,142956,0,0.0,71.0,66.0,60.0,60.0,58,58,0,0,2.4308565045304246e-05,2.4308565045304246e-05,3.5571063257230375e-05,3.5571063257230375e-05,2.8486599662465915e-05,2.8486599662465915e-05,0.0,0.0,0.0,0.0,0,0,0,0,0,0
W2,142963,0,0.0,78.0,71.0,64.74373296321474,64.74373296321474,60,60,0,0,0.0003786054132056027,0.0003786054132056027,0.0005537061603820931,0.0005537061603820931,0.0004516141696796153,0.0004516141696796153,0.0,0.0,0.0,0.0,0,0,0,0,1,1
W2,144906,1,0.0003351483610458672,35.0,22.0,21.0,21.0,18,18,0,0,0.00023912512971122624,0.00023912031803305923,0.000851751062705528,0.0008517510567950674,0.00037303520234951293,0.00037302769613157237,-4.811678167015998e-09,-5.9104605975093816e-12,-7.506217940560136e-09,-2.6945397735441377e-09,0,0,0,0,1,1
W2,145339,0,0.0,90.0,79.0,66.28880243393085,66.28880243393085,62,62,0,0,0.0001269076869062216,0.0001269076869062216,0.00023148997184502032,0.00023148997184502032,0.00016971867717333777,0.00016971867717333777,0.0,0.0,0.0,0.0,0,0,0,0,0,0
W2,146206,0,0.0,31.0,17.0,17.0,17.0,17,17,0,0,0.00020845531132644118,0.00020845531132644118,0.0006793744207766106,0.0006793744207766106,0.00034742551887740204,0.00034742551887740204,0.0,0.0,0.0,0.0,0,0,0,0,0,0
W2,146342,0,0.0,68.0,61.0,57.0,57.0,55,55,0,0,7.790280735060365e-06,7.790280735060365e-06,1.1439288061867433e-05,1.1439288061867433e-05,9.195085457776168e-06,9.195085457776168e-06,0.0,0.0,0.0,0.0,0,0,0,0,0,0
W2,146637,0,0.0,34.0,28.0,26.0,26.0,25,25,0,0,0.00020594204373552646,0.00020594204459152145,0.0007435650996041124,0.0007435651008543713,0.00026085992206500015,0.0002608599231492605,8.559949895171198e-13,1.250258902484036e-12,1.0842603399320583e-12,2.2826535041493845e-13,0,0,0,0,0,0
W2,147070,0,0.0,66.0,62.0,58.098459079403995,58.098459079403995,57,57,0,0,3.0598644689336794e-05,3.0598644689336794e-05,4.173955967200452e-05,4.173955967200452e-05,3.44920817683216e-05,3.44920817683216e-05,0.0,0.0,0.0,0.0,0,0,0,0,0,0
W2,147666,0,0.0,18.0,18.0,18.0,18.0,18,18,0,0,0.0002035310688863016,0.0002035310688863016,0.0004513700758948537,0.0004513700758948537,0.0002035310688863016,0.0002035310688863016,0.0,0.0,0.0,0.0,0,0,0,0,0,0
W2,149802,0,0.0,9.0,9.0,9.0,9.0,9,9,0,0,0.00020646113262046129,0.00020646113262046129,0.0002194174497962105,0.0002194174497962105,0.00020646113262046129,0.00020646113262046129,0.0,0.0,0.0,0.0,0,0,0,0,0,0
W2,150468,0,0.0,8.0,8.0,7.0,7.0,7,7,0,0,1.9527903873495234e-05,1.9527903873495234e-05,2.3211072022539335e-05,2.3211072022539335e-05,2.13031678619948e-05,2.13031678619948e-05,0.0,0.0,0.0,0.0,0,0,0,0,0,0
W2,151471,0,0.0,9.0,9.0,6.992567806756934,6.992567806756934,7,7,0,0,5.934490313090161e-06,5.934490313090161e-06,1.2319059192073308e-05,1.2319059192073308e-05,7.0182304468252054e-06,7.0182304468252054e-06,0.0,0.0,0.0,0.0,0,0,0,0,0,0
W2,151693,0,0.0,19.0,19.0,16.0,16.0,14,14,0,0,3.759472557356658e-07,3.759472557356658e-07,6.702536862208104e-07,6.702536862208104e-07,4.323393440960157e-07,4.323393440960157e-07,0.0,0.0,0.0,0.0,0,0,0,0,0,0
W2,152227,0,0.0,14.0,14.0,13.791555424859608,13.791555424859608,14,14,0,0,0.00036132247207985656,0.00036132247207985656,0.00036069420007470203,0.00036069420007470203,0.00036555570000079067,0.00036555570000079067,0.0,0.0,0.0,0.0,0,0,0,0,0,0
W2,153791,0,0.0,82.0,76.0,65.97373357480032,65.97373357480032,63,63,0,0,0.00012325945924278225,0.00012325945924278225,0.0001701826714559255,0.0001701826714559255,0.00015148989418361936,0.00015148989418361936,0.0,0.0,0.0,0.0,0,0,0,0,0,0
W2,153815,0,0.0,71.0,65.0,61.000417921610705,61.000417921610705,54,54,0,0,3.565400804482115e-05,3.565400804602207e-05,0.00017146322411795283,0.00017146322411798717,4.113897554607175e-05,4.1138975547457416e-05,1.200916536353569e-15,3.434210381347835e-17,1.385664586545099e-15,1.8474805019152996e-16,0,0,0,0,0,0
W2,153979,0,0.0,20.0,20.0,19.0,19.0,19,19,0,0,0.00012070594680828606,0.00012070594680828606,0.00014017735303405537,0.00014017735303405537,0.0001259540314521246,0.0001259540314521246,0.0,0.0,0.0,0.0,0,0,0,0,0,0
W2,155032,0,0.0,62.0,50.0,46.0,46.0,43,43,0,0,8.740520393704335e-05,8.740520399572043e-05,0.0005975647970389548,0.0005975647970827315,0.00011537486919689722,0.00011537486927435096,5.867707578502412e-14,4.3776722698229964e-14,7.745373624152424e-14,1.8776660456500116e-14,0,0,0,0,0,0
W2,156769,0,0.0,100.0,93.0,75.97646755940768,75.97646755940768,71,71,0,0,0.00013730957672926868,0.00013730957643823038,0.00021850500876667298,0.00021850500826053158,0.00017855497267663649,0.0001785549722981754,-2.91038298062124e-13,-5.061414069980341e-13,-3.7846109709679943e-13,-8.742279903467542e-14,0,0,0,0,0,0
W2,158434,0,0.0,11.0,11.0,11.0,11.0,11,11,0,0,0.00014585245122072428,0.00014585245122072428,0.000253708753926078,0.000253708753926078,0.00014585245122072428,0.00014585245122072428,0.0,0.0,0.0,0.0,0,0,0,0,0,0
W2,158830,0,0.0,21.0,20.0,18.095086048432755,18.095086048432755,17,17,0,0,0.000504029735384934,0.000504029735384934,0.0006320421068016711,0.0006320421068016711,0.0005702961897049114,0.0005702961897049114,0.0,0.0,0.0,0.0,0,0,0,0,1,1
W2,162333,0,0.0,20.0,18.0,15.00153025130598,15.00153025130598,14,14,0,0,8.747643088048707e-05,8.747643088048707e-05,0.0001989607673202541,0.0001989607673202541,0.00011048764564566557,0.00011048764564566557,0.0,0.0,0.0,0.0,0,0,0,0,0,0
W2,162902,0,0.0,4.0,4.0,4.0,4.0,4,4,0,0,9.774524357908376e-06,9.774524357908376e-06,9.673782982915746e-06,9.673782982915746e-06,9.774524357908376e-06,9.774524357908376e-06,0.0,0.0,0.0,0.0,0,0,0,0,0,0
W2,164266,0,0.0,11.0,11.0,11.0,11.0,11,11,0,0,0.0005090869123126719,0.0005090869123126719,0.0005627278846417849,0.0005627278846417849,0.0005090869123126719,0.0005090869123126719,0.0,0.0,0.0,0.0,0,0,0,0,1,1
W2,164884,0,0.0,13.0,13.0,11.953200051921453,11.953200051921453,12,12,0,0,1.0109541248171949e-05,1.0109541248171949e-05,1.1761848406218632e-05,1.1761848406218632e-05,1.0772898268659492e-05,1.0772898268659492e-05,0.0,0.0,0.0,0.0,0,0,0,0,0,0
W2,165232,0,0.0,70.0,62.0,57.99616347541888,57.99616347541888,55,55,0,0,9.233976067589214e-06,9.214678798790438e-06,1.4475357807185969e-05,1.4450185931482698e-05,1.1021879269554025e-05,1.099884562019481e-05,-1.9297268798775584e-08,-2.5171875703271053e-08,-2.303364935921483e-08,-3.736380560439247e-09,0,0,0,0,0,0
W2,165637,0,0.0,69.0,64.0,56.01600438216984,56.01600438216984,55,55,0,0,3.4010207669134482e-06,3.4010207669134482e-06,4.655069567844437e-06,4.655069567844437e-06,4.136805149568431e-06,4.136805149568431e-06,0.0,0.0,0.0,0.0,0,0,0,0,0,0
W2,165679,0,0.0,68.0,56.0,55.750918748524604,55.750918748524604,51,51,0,0,0.00023060625451688018,0.00023060625451688018,0.0011371448644597391,0.0011371448644597391,0.00027788108824059474,0.00027788108824059474,0.0,0.0,0.0,0.0,0,0,0,0,0,0
W2,166339,0,0.0,78.0,68.0,60.0,60.0,56,56,0,0,2.4419181588888397e-05,2.4419181588888397e-05,3.664539144936972e-05,3.664539144936972e-05,3.1287076410763256e-05,3.1287076410763256e-05,0.0,0.0,0.0,0.0,0,0,0,0,0,0
W2,166658,0,0.0,89.0,75.0,65.0,65.0,59,59,0,0,3.640606491421015e-05,3.640606491421015e-05,6.809546703497846e-05,6.809546703497846e-05,4.9069044014804985e-05,4.9069044014804985e-05,0.0,0.0,0.0,0.0,0,0,0,0,0,0
W2,168162,0,0.0,63.0,58.0,53.0,53.0,51,51,0,0,7.586822069940682e-05,7.586822069940682e-05,0.00011894700597821547,0.00011894700597821547,8.917843485719748e-05,8.917843485719748e-05,0.0,0.0,0.0,0.0,0,0,0,0,0,0
W2,169049,0,0.0,20.0,17.0,17.0,17.0,16,16,0,0,4.350868174762823e-05,4.350868174762823e-05,4.987642930888892e-05,4.987642930888892e-05,4.972420771157512e-05,4.972420771157512e-05,0.0,0.0,0.0,0.0,0,0,0,0,0,0
W2,169365,1,0.1250753253698349,100.0,95.0,89.77041124108973,89.77041124108973,86,86,0,0,0.00028885511220171995,0.0002881113566158186,0.00044446161699375876,0.00044365661703160827,0.00032036685422805406,0.00031954196096044464,-7.437555859013444e-07,-8.049999621504919e-07,-8.248932676094213e-07,-8.113768170807693e-08,0,0,0,0,0,0
W2,171168,0,0.0,8.0,8.0,8.0,8.0,8,8,0,0,0.00017902197578223422,0.00017902197578223422,0.00023452151650541305,0.00023452151650541305,0.00017902197578223422,0.00017902197578223422,0.0,0.0,0.0,0.0,0,0,0,0,0,0
W2,173487,0,0.0,23.0,23.0,22.0,22.0,21,21,0,0,0.0001943220565368867,0.0001943220565368867,0.00020336085996563124,0.00020336085996563124,0.0002017959817883054,0.0002017959817883054,0.0,0.0,0.0,0.0,0,0,0,0,0,0
W2,173566,0,0.0,8.0,8.0,7.0,7.0,7,7,0,0,3.7720136333518894e-05,3.7720136333518894e-05,4.713805220495794e-05,4.713805220495794e-05,4.1149239636566065e-05,4.1149239636566065e-05,0.0,0.0,0.0,0.0,0,0,0,0,0,0
W2,180630,0,0.0,28.0,20.0,19.0,19.0,16,16,0,0,0.00019145382545444428,0.00019145382539354064,0.00035995357350305075,0.00035995357350272284,0.0002663705397627051,0.00026637053967796956,-6.090364757654898e-14,-3.279169470682408e-16,-8.473554974006148e-14,-2.3831902163512497e-14,0,0,0,0,0,0
W2,180887,0,0.0,22.0,19.0,19.0,19.0,17,17,0,0,2.0996351219276282e-07,2.0996351219276282e-07,3.3130232975044e-07,3.3130232975044e-07,2.3735005726138408e-07,2.3735005726138408e-07,0.0,0.0,0.0,0.0,0,0,0,0,0,0
W2,182299,0,0.0,8.0,8.0,8.0,8.0,8,8,0,0,1.4001746194480802e-05,1.4001746194480802e-05,1.73956964058421e-05,1.73956964058421e-05,1.4001746194480802e-05,1.4001746194480802e-05,0.0,0.0,0.0,0.0,0,0,0,0,0,0
W2,182786,0,0.0,10.0,10.0,10.0,10.0,10,10,0,0,2.5907356587140386e-06,2.5907356587140386e-06,3.6611671149566103e-06,3.6611671149566103e-06,2.5907356587140386e-06,2.5907356587140386e-06,0.0,0.0,0.0,0.0,0,0,0,0,0,0
W2,183405,0,0.0,10.0,10.0,10.0,10.0,10,10,0,0,9.36129331421398e-06,9.36129331421398e-06,1.0572463086335828e-05,1.0572463086335828e-05,9.36129331421398e-06,9.36129331421398e-06,0.0,0.0,0.0,0.0,0,0,0,0,0,0
W2,183406,0,0.0,9.0,9.0,8.47126852054376,8.47126852054376,9,9,0,0,1.7055052896668916e-05,1.7055052896668916e-05,3.0096221094766082e-05,3.0096221094766082e-05,1.7778118343893124e-05,1.7778118343893124e-05,0.0,0.0,0.0,0.0,0,0,0,0,0,0
W2,184266,0,0.0,8.0,8.0,7.035754162276804,7.035754162276804,7,7,0,0,9.687635321142807e-05,9.687635321142807e-05,0.0001187204398852215,0.0001187204398852215,0.00010534089663857611,0.00010534089663857611,0.0,0.0,0.0,0.0,0,0,0,0,0,0
W2,186157,0,0.0,35.0,25.0,23.0,23.0,23,23,0,0,2.8707824302915647e-05,2.8707824302915647e-05,9.369178030861882e-05,9.369178030861882e-05,4.1466857326433715e-05,4.1466857326433715e-05,0.0,0.0,0.0,0.0,0,0,0,0,0,0
W2,187877,0,0.0,23.0,20.0,17.0,17.0,16,16,0,0,1.5260943304502174e-05,1.5260943304502174e-05,2.0204747432253305e-05,2.0204747432253305e-05,1.9621212820074224e-05,1.9621212820074224e-05,0.0,0.0,0.0,0.0,0,0,0,0,0,0
W2,188433,0,0.0,71.0,59.0,54.467429220504854,54.467429220504854,51,51,0,0,1.3667527431768519e-05,1.3667527431768519e-05,2.7617538318396536e-05,2.7617538318396536e-05,1.753223240783679e-05,1.753223240783679e-05,0.0,0.0,0.0,0.0,0,0,0,0,0,0
W2,189405,1,0.007805881556123495,75.0,69.0,62.0,62.0,58,58,0,0,3.1401002555497826e-05,3.124230261794499e-05,5.6202571311877745e-05,5.597155877961838e-05,3.758604851339891e-05,3.739608949723718e-05,-1.5869993755283717e-07,-2.3101253225936755e-07,-1.8995901616172513e-07,-3.125907860888796e-08,0,0,0,0,0,0
W2,189538,0,0.0,74.0,68.0,66.0,66.0,62,62,0,0,0.00022910913504668466,0.00022910913504668466,0.0002958197215592875,0.0002958197215592875,0.00025529303619487714,0.00025529303619487714,0.0,0.0,0.0,0.0,0,0,0,0,0,0
W2,190653,0,0.0,66.0,55.0,50.461932023073686,50.461932023073686,46,46,0,0,0.00041611924196736396,0.0004161192419674716,0.002961302396378367,0.002961302396378367,0.0005348386635526404,0.0005348386635527787,1.0766127572781059e-16,0.0,1.3834419720915037e-16,3.0682921481339775e-17,0,0,0,0,1,1
W2,191101,0,0.0,6.0,6.0,6.0,6.0,6,6,0,0,0.00021141729109785956,0.00021141729109785956,0.00023779634768677574,0.00023779634768677574,0.00021141729109785956,0.00021141729109785956,0.0,0.0,0.0,0.0,0,0,0,0,0,0
W2,193452,1,1.3169511556625366,8.0,8.0,8.0,8.0,8,8,0,0,0.00014081413746680482,0.00013929637771070702,0.00017624579711165053,0.0001751785046374286,0.00014081413746680482,0.00013929637771070702,-1.5177597560978029e-06,-1.0672924742219467e-06,-1.5177597560978029e-06,0.0,0,0,0,0,0,0
W2,194304,0,0.0,34.0,21.0,20.0,20.0,19,19,0,0,0.00019169641407329788,0.00019169641407329788,0.0004269284647388846,0.0004269284647388846,0.00030351932228272165,0.00030351932228272165,0.0,0.0,0.0,0.0,0,0,0,0,0,0
W2,194654,0,0.0,9.0,9.0,9.0,9.0,9,9,0,0,0.0001401274477959507,0.0001401274477959507,0.00014580502299957015,0.00014580502299957015,0.0001401274477959507,0.0001401274477959507,0.0,0.0,0.0,0.0,0,0,0,0,0,0
W2,194953,0,0.0,9.0,9.0,7.0,7.0,7,7,0,0,1.3717742667217358e-06,1.3717742667217358e-06,2.002364107897318e-06,2.002364107897318e-06,1.6211877697620512e-06,1.6211877697620512e-06,0.0,0.0,0.0,0.0,0,0,0,0,0,0
W2,195401,0,0.0,7.0,7.0,7.0,7.0,7,7,0,0,1.041221802162389e-05,1.041221802162389e-05,1.0876180293979887e-05,1.0876180293979887e-05,1.041221802162389e-05,1.041221802162389e-05,0.0,0.0,0.0,0.0,0,0,0,0,0,0
W2,195414,0,0.0,10.0,10.0,10.0,10.0,10,10,0,0,1.5502287453728059e-07,1.5502287453728059e-07,3.816323580056765e-07,3.816323580056765e-07,1.5502287453728059e-07,1.5502287453728059e-07,0.0,0.0,0.0,0.0,0,0,0,0,0,0
W2,195892,0,0.0,72.0,59.0,53.0,53.0,48,48,0,0,4.412728765190721e-05,4.412728765190721e-05,8.00336406278606e-05,8.00336406278606e-05,5.883638353587628e-05,5.883638353587628e-05,0.0,0.0,0.0,0.0,0,0,0,0,0,0
W2,197749,0,0.0,20.0,20.0,20.0,20.0,19,19,0,0,0.00019722028258186696,0.00019722028258186696,0.00023518899757337118,0.00023518899757337118,0.00019722028258186696,0.00019722028258186696,0.0,0.0,0.0,0.0,0,0,0,0,0,0
W2,198494,0,0.0,73.0,65.0,62.00678238030939,62.00678238030939,59,59,0,0,1.9609607395202966e-05,1.9609607420120632e-05,2.469440877067233e-05,2.469440880735846e-05,2.2875524529143864e-05,2.2875524558211484e-05,2.491766626475274e-14,3.668612858160128e-14,2.906761948653046e-14,4.149953221777719e-15,0,0,0,0,0,0
W2,198815,0,0.0,86.0,65.0,51.92347183617525,51.92347183617525,50,50,0,0,2.7579882097826106e-06,2.7579882097826106e-06,6.4085181930238e-06,6.4085181930238e-06,4.438546655464788e-06,4.438546655464788e-06,0.0,0.0,0.0,0.0,0,0,0,0,0,0
W2,199050,0,0.0,18.0,15.0,15.0,15.0,14,14,0,0,7.284793224313389e-05,7.284793224313389e-05,9.978429360511901e-05,9.978429360511901e-05,8.435023733415502e-05,8.435023733415502e-05,0.0,0.0,0.0,0.0,0,0,0,0,0,0
W2,199307,1,0.32252535223960876,62.0,55.0,53.0,53.0,51,51,0,0,0.0001145581181294948,0.00011221551613787949,0.00016480825061566604,0.00016141222515350022,0.00013264624204467818,0.000129933755528071,-2.3426019916153147e-06,-3.3960254621658156e-06,-2.7124865166071766e-06,-3.6988452499186184e-07,0,0,0,0,0,0
W2,200049,0,0.0,74.0,67.0,61.45113825786463,61.45113825786463,59,59,0,0,5.0638478588750456e-05,5.063847863791234e-05,6.63105497172869e-05,6.631054978522575e-05,6.034732832851729e-05,6.0347328387104906e-05,4.9161880350066106e-14,6.793884573842723e-14,5.858761555326691e-14,9.425735203200808e-15,0,0,0,0,0,0
W2,200915,1,0.1375758796930313,87.0,74.0,64.31984998508523,64.31984998508523,61,61,0,0,0.00016622169335125597,0.0001661568138881054,0.00025040876011102656,0.00025030980140254864,0.00022140233180058884,0.00022131591429311488,-6.48794631505844e-08,-9.895870847791881e-08,-8.641750747395878e-08,-2.153804432337438e-08,0,0,0,0,0,0
W2,201108,0,0.0,2.0,2.0,2.0,2.0,2,2,0,0,4.4884151066071354e-05,4.4884151066071354e-05,4.506542223028694e-05,4.506542223028694e-05,4.4884151066071354e-05,4.4884151066071354e-05,0.0,0.0,0.0,0.0,0,0,0,0,0,0
W2,201112,0,0.0,8.0,8.0,6.996739865268956,6.996739865268956,7,7,0,0,3.490143376438937e-05,3.490143376438937e-05,4.13885397074463e-05,4.13885397074463e-05,3.808557902650988e-05,3.808557902650988e-05,0.0,0.0,0.0,0.0,0,0,0,0,0,0
W2,203722,0,0.0,14.0,14.0,14.0,14.0,13,13,0,0,3.967138347503253e-05,3.967138347503253e-05,4.748185875367814e-05,4.748185875367814e-05,3.967138347503253e-05,3.967138347503253e-05,0.0,0.0,0.0,0.0,0,0,0,0,0,0
W2,203838,1,0.2783663868904114,17.0,16.0,15.958945702706771,15.973306701991731,15,15,0,0,0.0002897561472068714,0.00028987516432554166,0.00039896751127734903,0.0003988616987856826,0.0003048697652661626,0.0003047756959657232,1.1901711867028141e-07,-1.0581249166642138e-07,-9.406930043937261e-08,-2.1308641910965402e-07,0,0,0,0,0,0
W2,205849,0,0.0,22.0,21.0,21.0,21.0,20,20,0,0,0.00015502539347587364,0.00015502539347587364,0.00016480909137737168,0.00016480909137737168,0.00016122640921490859,0.00016122640921490859,0.0,0.0,0.0,0.0,0,0,0,0,0,0
W2,208025,1,1.9541501998901367,68.0,61.0,58.10789405270699,58.10789405270699,57,57,0,0,6.822041640428805e-05,6.750520975294742e-05,8.10028095369959e-05,8.033534749444756e-05,7.908608166524453e-05,7.82569619586123e-05,-7.152066513406343e-07,-6.674620425483447e-07,-8.291197066322359e-07,-1.1391305529160158e-07,0,0,0,0,0,0
W2,209008,0,0.0,95.0,78.0,61.0971252668943,61.0971252668943,61,61,0,0,4.3907385365259924e-05,4.39073852886709e-05,0.00010036124329178077,0.00010036124293094811,6.677454854325727e-05,6.677454842678033e-05,-7.658902402259485e-14,-3.608326609510701e-13,-1.1647693714481738e-13,-3.9887913122222535e-14,0,0,0,0,0,0
W2,209406,1,0.6591801643371582,99.0,89.0,72.64070740365706,73.44838377070522,71,72,0,0,5.3930116673007966e-05,5.4126053250677735e-05,0.00010335314319463352,0.00010249974281371437,7.247848050336188e-05,7.19832127333371e-05,1.959365776697694e-07,-8.534003809191471e-07,-4.952677700247824e-07,-6.912043476945518e-07,0,0,0,0,0,0
W2,209761,0,0.0,6.0,6.0,4.0,4.0,4,4,0,0,4.9947257139137946e-05,4.9947257139137946e-05,0.00014231287067907416,0.00014231287067907416,6.243407142392243e-05,6.243407142392243e-05,0.0,0.0,0.0,0.0,0,0,0,0,0,0
W2,214041,0,0.0,19.0,15.0,14.0,14.0,13,13,0,0,0.0003199660895650649,0.0003199660895650649,0.0004894064460894663,0.0004894064460894663,0.000408845558888694,0.000408845558888694,0.0,0.0,0.0,0.0,0,0,0,0,1,1
W2,214901,0,0.0,19.0,19.0,18.386774524153864,18.386774524153864,19,19,0,0,0.00033257250548127847,0.00033257250548127847,0.0004134062742777946,0.0004134062742777946,0.0003416824347704245,0.0003416824347704245,0.0,0.0,0.0,0.0,0,0,0,0,0,0
W2,215148,0,0.0,21.0,21.0,19.0,19.0,17,17,0,0,0.00015093396532826037,0.00015093396532826037,0.00018695242022238114,0.00018695242022238114,0.0001640586579655004,0.0001640586579655004,0.0,0.0,0.0,0.0,0,0,0,0,0,0
W2,215799,0,0.0,99.0,78.0,65.68356486862508,65.68356486862508,63,63,0,0,5.519618356091134e-05,5.519618356091134e-05,0.00017757033284638681,0.00017757033284638681,8.158605142392225e-05,8.158605142392225e-05,0.0,0.0,0.0,0.0,0,0,0,0,0,0
W2,216570,0,0.0,72.0,66.0,58.06611001175973,58.06611001175973,56,56,0,0,3.4794444988822055e-05,3.4794444988822055e-05,5.287081469781937e-05,5.287081469781937e-05,4.260582496066602e-05,4.260582496066602e-05,0.0,0.0,0.0,0.0,0,0,0,0,0,0
W2,216804,0,0.0,75.0,71.0,68.9767897505657,68.9767897505657,64,64,0,0,0.00024616737488637833,0.00024616737488637833,0.00027874892136913994,0.00027874892136913994,0.0002664850383593797,0.0002664850383593797,0.0,0.0,0.0,0.0,0,0,0,0,0,0
W2,216987,1,0.16852746903896332,100.0,89.0,78.27008740482559,78.27008740482559,76,76,0,0,1.7735474621098925e-05,1.7355078498462185e-05,2.6033396923019537e-05,2.53447663352759e-05,2.2419927081371967e-05,2.193905732661466e-05,-3.8039612263674e-07,-6.886305877436371e-07,-4.80869754757306e-07,-1.0047363212056603e-07,0,0,0,0,0,0
W2,217234,0,0.0,78.0,71.0,63.472713172013535,63.472713172013535,60,60,0,0,0.00013186392020285965,0.000131863918430511,0.000178684315707661,0.0001786843129059652,0.00016025502678495315,0.00016025502463100705,-1.7723486523887888e-12,-2.8016958056927693e-12,-2.1539461024251e-12,-3.815974500363112e-13,0,0,0,0,0,0
W2,218017,0,0.0,74.0,66.0,59.0,59.0,57,57,0,0,7.909650002826877e-05,7.909650002826877e-05,0.00010661451260825843,0.00010661451260825843,9.792900003499942e-05,9.792900003499942e-05,0.0,0.0,0.0,0.0,0,0,0,0,0,0
W2,218099,0,0.0,65.0,52.0,48.95814242257112,48.95814242257112,46,46,0,0,3.911518228498447e-07,3.911518228430126e-07,3.283582760601274e-06,3.283582760600783e-06,5.096378864893152e-07,5.096378864804135e-07,-6.832114812993983e-18,-4.90855592933867e-19,-8.901681000932256e-18,-2.0695661879382727e-18,0,0,0,0,0,0
W2,219198,0,0.0,10.0,10.0,10.0,10.0,10,10,0,0,8.313141834150883e-05,8.313141834150883e-05,8.83610174783771e-05,8.83610174783771e-05,8.313141834150883e-05,8.313141834150883e-05,0.0,0.0,0.0,0.0,0,0,0,0,0,0
W2,220529,0,0.0,10.0,10.0,9.856196347591112,9.856196347591112,10,10,0,0,3.5255394720934417e-06,3.5255394720934417e-06,3.7117523413114654e-06,3.7117523413114654e-06,3.5621285503715423e-06,3.5621285503715423e-06,0.0,0.0,0.0,0.0,0,0,0,0,0,0
W2,220921,0,0.0,27.0,13.0,9.342666055906415,9.342666055906415,11,11,1,1,0.0002222539038730386,0.0002222539038730386,0.0012831410831479419,0.0012831410831479419,0.0004445078077460772,0.0004445078077460772,0.0,0.0,0.0,0.0,0,0,0,0,1,1
W2,223025,0,0.0,72.0,63.0,58.0,58.0,55,55,0,0,4.3325594447196636e-05,4.3325594447196636e-05,5.732377432236207e-05,5.732377432236207e-05,5.310879319333781e-05,5.310879319333781e-05,0.0,0.0,0.0,0.0,0,0,0,0,0,0
W2,224033,0,0.0,77.0,69.0,61.94906591549377,61.94906591549377,59,59,0,0,3.4876075100563995e-05,3.4876075100563995e-05,5.8630698149418023e-05,5.8630698149418023e-05,4.2835513193857086e-05,4.2835513193857086e-05,0.0,0.0,0.0,0.0,0,0,0,0,0,0
W2,224247,0,0.0,73.0,64.0,59.0,59.0,56,56,0,0,1.1935493445525897e-05,1.1935493445525897e-05,1.7096584090798342e-05,1.7096584090798342e-05,1.4587825322309428e-05,1.4587825322309428e-05,0.0,0.0,0.0,0.0,0,0,0,0,0,0
W2,224518,0,0.0,74.0,70.0,68.1671936306274,68.1671936306274,65,65,0,0,2.050403378085426e-05,2.050403378085426e-05,2.7972827394589968e-05,2.7972827394589968e-05,2.2161241894653515e-05,2.2161241894653515e-05,0.0,0.0,0.0,0.0,0,0,0,0,0,0
W2,224842,0,0.0,92.0,76.0,61.846541577162746,61.846541577162746,61,61,0,0,8.649394853871525e-05,8.649394885506124e-05,0.0001478699477692472,0.0001478699484155897,0.00012610258429421447,0.00012610258475542646,3.1634598911776945e-13,6.463425172680004e-13,4.612119876550719e-13,1.4486599853730242e-13,0,0,0,0,0,0
W2,225591,0,0.0,75.0,68.0,66.0,66.0,62,62,0,0,6.324531933656267e-05,6.324531933656267e-05,8.666824327194576e-05,8.666824327194576e-05,7.137686039412073e-05,7.137686039412073e-05,0.0,0.0,0.0,0.0,0,0,0,0,0,0
W2,225982,0,0.0,82.0,71.0,63.004658570183786,63.004658570183786,59,59,0,0,0.0001194693365121333,0.0001194693365121333,0.0002160883027777669,0.0002160883027777669,0.00015333803886608303,0.00015333803886608303,0.0,0.0,0.0,0.0,0,0,0,0,0,0
W2,228896,1,0.4886937439441681,15.0,15.0,14.0,15.0,13,14,0,0,5.121208600182096e-05,5.2655172028911085e-05,6.969150148047712e-05,6.314202735692716e-05,5.405720189081101e-05,5.2655172028911085e-05,1.4430860270901277e-06,-6.549474123549958e-06,-1.4020298618999243e-06,-2.845115888990052e-06,0,0,0,0,0,0
W2,229702,0,0.0,17.0,17.0,17.0,17.0,16,16,0,0,1.4325210355453318e-05,1.4325210355453318e-05,2.0635657902858943e-05,2.0635657902858943e-05,1.4325210355453318e-05,1.4325210355453318e-05,0.0,0.0,0.0,0.0,0,0,0,0,0,0
W2,230058,0,0.0,22.0,22.0,21.18163838319604,21.18163838319604,21,21,0,0,5.051429561898534e-05,5.051429561898534e-05,5.9573521756042105e-05,5.9573521756042105e-05,5.215592671563598e-05,5.215592671563598e-05,0.0,0.0,0.0,0.0,0,0,0,0,0,0
W2,231533,0,0.0,96.0,68.0,60.0,60.0,55,55,0,0,2.2406765046672123e-05,2.2406765065582923e-05,0.00010722563617703945,0.00010722563617725385,3.501057038542519e-05,3.501057041497332e-05,1.8910799982159096e-14,2.144009796090085e-16,2.9548127724980666e-14,1.063732774282157e-14,0,0,0,0,0,0
W2,231727,0,0.0,100.0,93.0,79.18159568592986,79.18159568592986,75,75,0,0,2.7396380732723837e-06,2.7396380732723837e-06,6.4310769177314555e-06,6.4310769177314555e-06,3.4253052886375733e-06,3.4253052886375733e-06,0.0,0.0,0.0,0.0,0,0,0,0,0,0
W2,231741,0,0.0,18.0,17.0,17.0,17.0,17,17,0,0,3.923400276069818e-06,3.923400276069818e-06,7.741542282565274e-06,7.741542282565274e-06,4.110228860644571e-06,4.110228860644571e-06,0.0,0.0,0.0,0.0,0,0,0,0,0,0
W2,231854,0,0.0,95.0,92.0,77.2511764484207,77.2511764484207,72,72,0,0,2.833873802733191e-05,2.833728745987161e-05,4.9522434187713186e-05,4.9522297543087856e-05,3.452916237449004e-05,3.452739493942206e-05,-1.4505674603004098e-09,-1.3664462532943407e-10,-1.7674350679839843e-09,-3.1686760768357444e-10,0,0,0,0,0,0
W2,232914,0,0.0,95.0,57.0,43.41346524435888,43.41346524435888,40,40,1,1,4.272644126034283e-05,4.272644126034283e-05,0.00012336578858357174,0.00012336578858357174,8.545288252068566e-05,8.545288252068566e-05,0.0,0.0,0.0,0.0,0,0,0,0,0,0
W2,232969,0,0.0,79.0,67.0,63.50938003616577,63.50938003616577,59,59,0,0,2.767397583887054e-05,2.7673975930971267e-05,3.688235266174904e-05,3.688235276805971e-05,3.4024012565302035e-05,3.402401267853609e-05,9.210072822126748e-14,1.0631067152901824e-13,1.1323405456559535e-13,2.1133326344327866e-14,0,0,0,0,0,0
W2,234348,0,0.0,10.0,10.0,8.062291091968078,8.062291091968078,9,9,0,0,0.000130046125377703,0.000130046125377703,0.00015340983920090662,0.00015340983920090662,0.00015093697718007783,0.00015093697718007783,0.0,0.0,0.0,0.0,0,0,0,0,0,0
W2,234617,0,0.0,9.0,9.0,7.0,7.0,7,7,0,0,1.2253855250795217e-05,1.225385514974025e-05,1.4696123544558325e-05,1.4696123442923067e-05,1.4481828932757983e-05,1.4481828813329385e-05,-1.0105496761657687e-13,-1.0163525803027953e-13,-1.1942859793831213e-13,-1.8373630321735258e-14,0,0,0,0,0,0
W2,235952,0,0.0,46.0,39.0,36.490002399331345,36.490002399331345,34,34,0,0,0.0004354089505212674,0.0004354089505212674,0.002821852315933241,0.002821852315933241,0.0005376746415412138,0.0005376746415412138,0.0,0.0,0.0,0.0,0,0,0,0,1,1
W2,237620,0,0.0,77.0,69.0,62.37662970922373,62.37662970922373,59,59,0,0,2.9437316774609554e-05,2.9437316863196698e-05,4.2364186547704445e-05,4.2364186768879574e-05,3.5922623206222135e-05,3.592262331432583e-05,8.858714407649834e-14,2.2117512899280656e-13,1.0810369797682046e-13,1.9516553900322114e-14,0,0,0,0,0,0
W2,237786,0,0.0,17.0,17.0,16.928860656975367,16.928860656975367,17,17,0,0,0.0001499309228056986,0.0001499309228056986,0.00014623160751457283,0.00014623160751457283,0.00015044055338341088,0.00015044055338341088,0.0,0.0,0.0,0.0,0,0,0,0,0,0
W2,242368,0,0.0,22.0,20.0,16.151446063193283,16.151446063193283,17,17,0,0,4.914004870756631e-05,4.914004870756631e-05,8.088703996395814e-05,8.088703996395814e-05,6.340196442429718e-05,6.340196442429718e-05,0.0,0.0,0.0,0.0,0,0,0,0,0,0
W2,242518,0,0.0,16.0,15.0,14.082579118475998,14.082579118475998,14,14,0,0,0.00013901002182592492,0.00013901002182592492,0.00016360899973961134,0.00016360899973961134,0.00015375021551421335,0.00015375021551421335,0.0,0.0,0.0,0.0,0,0,0,0,0,0
W2,243136,0,0.0,8.0,8.0,8.0,8.0,8,8,0,0,0.0001028162505463115,0.0001028162505463115,0.0001044757983970073,0.0001044757983970073,0.0001028162505463115,0.0001028162505463115,0.0,0.0,0.0,0.0,0,0,0,0,0,0
W2,243978,0,0.0,14.0,13.0,5.993628109653889,5.993628109653889,6,6,0,0,3.716876225163495e-05,3.716876225163495e-05,8.820838635945111e-05,8.820838635945111e-05,6.694642958378005e-05,6.694642958378005e-05,0.0,0.0,0.0,0.0,0,0,0,0,0,0
W2,245298,0,0.0,65.0,54.0,50.202662769478756,50.202662769478756,48,48,0,0,4.211439320863567e-07,4.211439320863567e-07,7.054311839605143e-07,7.054311702914393e-07,5.361163055317929e-07,5.361163055317929e-07,0.0,-1.3669074972083616e-14,0.0,0.0,0,0,0,0,0,0
W2,245465,0,0.0,8.0,7.0,7.0,7.0,7,7,0,0,5.886476128580398e-05,5.886476128580398e-05,7.14924036054078e-05,7.14924036054078e-05,6.421610322087707e-05,6.421610322087707e-05,0.0,0.0,0.0,0.0,0,0,0,0,0,0
W2,245479,0,0.0,6.0,6.0,6.0,6.0,6,6,0,0,6.38244922204952e-05,6.38244922204952e-05,6.519966007318267e-05,6.519966007318267e-05,6.38244922204952e-05,6.38244922204952e-05,0.0,0.0,0.0,0.0,0,0,0,0,0,0
W2,246220,0,0.0,98.0,98.0,77.24063476472938,77.24063476472938,75,75,0,0,3.018575447308948e-05,3.018575447308948e-05,6.1209936790811e-05,6.1209936790811e-05,3.789910018762989e-05,3.789910018762989e-05,0.0,0.0,0.0,0.0,0,0,0,0,0,0
W2,247508,0,0.0,5.0,5.0,3.0,3.0,3,3,0,0,9.886318275675876e-06,9.886317911877995e-06,1.4551348746950462e-05,1.4551348210376128e-05,1.2710980640154697e-05,1.2710980172414565e-05,-3.6379788104798447e-13,-5.365743334812554e-13,-4.67740131565933e-13,-1.039422505179485e-13,0,0,0,0,0,0
W2,248495,0,0.0,32.0,21.0,21.0,21.0,18,18,0,0,0.0003149612217805539,0.0003149612217805539,0.000826284503076737,0.000826284503076737,0.0004535441593639976,0.0004535441593639976,0.0,0.0,0.0,0.0,0,0,0,0,1,1
W2,249146,0,0.0,10.0,10.0,8.036562896131564,8.036562896131564,8,8,0,0,0.00015472950963157928,0.00015472950963157928,0.0001947991924045125,0.0001947991924045125,0.0001799694109967481,0.0001799694109967481,0.0,0.0,0.0,0.0,0,0,0,0,0,0
W2,249758,0,0.0,1.0,1.0,1.0,1.0,1,1,0,0,5.475581929204054e-05,5.475581929204054e-05,5.475581929204054e-05,5.475581929204054e-05,5.475581929204054e-05,5.475581929204054e-05,0.0,0.0,0.0,0.0,0,0,0,0,0,0
W2,250811,0,0.0,79.0,73.0,63.00000361338407,63.00000361338407,58,58,0,0,0.00018990252627419183,0.00018990252516898307,0.0003399101515160154,0.0003399101491528585,0.00023525237060747394,0.00023525236923833482,-1.105208752207737e-12,-2.3631569249192574e-12,-1.3691391228219663e-12,-2.639303706142293e-13,0,0,0,0,0,0
W2,251320,0,0.0,74.0,70.0,66.86648937206446,66.86648937206446,63,63,0,0,8.841698700802818e-05,8.841698700802818e-05,0.00011898144542178647,0.00011898144542178647,9.731715296940906e-05,9.731715296940906e-05,0.0,0.0,0.0,0.0,0,0,0,0,0,0
W2,252790,0,0.0,20.0,20.0,20.0,20.0,20,20,0,0,4.098075658681699e-07,4.098075658681699e-07,1.4831954979062701e-06,1.4831954979062701e-06,4.098075658681699e-07,4.098075658681699e-07,0.0,0.0,0.0,0.0,0,0,0,0,0,0
W2,253875,0,0.0,6.0,6.0,4.0,4.0,4,4,0,0,0.00013829523716898015,0.00013829523716898015,0.00027229406857024445,0.00027229406857024445,0.0001728690464612252,0.0001728690464612252,0.0,0.0,0.0,0.0,0,0,0,0,0,0
W2,254026,0,0.0,8.0,8.0,7.0,7.0,7,7,0,0,1.940658154353514e-05,1.940658154353514e-05,3.249199579872173e-05,3.249199579872173e-05,2.117081622931106e-05,2.117081622931106e-05,0.0,0.0,0.0,0.0,0,0,0,0,0,0
W2,254106,1,2.27058482170105,17.0,13.0,11.615820382780408,12.055613990842426,11,12,0,0,0.00011505639797265383,0.00011616441963891542,0.0002074417729545752,0.0001967455052119272,0.00015472670011561232,0.0001519376844640513,1.108021666261589e-06,-1.0696267742647993e-05,-2.789015651561024e-06,-3.897037317822613e-06,0,0,0,0,0,0
W2,255101,1,0.00022592712775804102,35.0,23.0,23.0,23.0,20,20,0,0,9.586203610392117e-05,9.586162182558256e-05,0.00021771269089050424,0.00021771268994851486,0.0001384673854834417,0.00013846678708139703,-4.142783386170334e-10,-9.419893792946e-13,-5.984020446585074e-10,-1.84123706041474e-10,0,0,0,0,0,0
W2,257735,0,0.0,9.0,9.0,9.0,9.0,9,9,0,0,0.0004137794086192217,0.0004137794086192217,0.00042568716103107737,0.00042568716103107737,0.0004137794086192217,0.0004137794086192217,0.0,0.0,0.0,0.0,0,0,0,0,1,1
W2,258577,0,0.0,8.0,8.0,6.818081702165447,6.818081702165447,7,7,0,0,7.668150965400855e-05,7.668150783501915e-05,9.571559318267628e-05,9.571559094703898e-05,8.505926847122178e-05,8.505926645350058e-05,-1.8189894035458565e-12,-2.235637293779985e-12,-2.017721195202507e-12,-1.9873179165665056e-13,0,0,0,0,0,0
W2,258620,0,0.0,14.0,14.0,14.0,14.0,13,13,0,0,4.609693860402331e-05,4.609693860402331e-05,4.653016729587941e-05,4.653016729587941e-05,4.609693860402331e-05,4.609693860402331e-05,0.0,0.0,0.0,0.0,0,0,0,0,0,0
W2,259340,0,0.0,26.0,20.0,19.68407293032444,19.68407293032444,17,17,0,0,0.00026963759353512055,0.00026963759353512055,0.0004267073482755303,0.0004267073482755303,0.0003415429360419051,0.0003415429360419051,0.0,0.0,0.0,0.0,0,0,0,0,0,0
W2,261434,0,0.0,70.0,64.0,55.991430230381866,55.991430230381866,51,51,0,0,2.4404137725562792e-05,2.4404137777533918e-05,3.7918065223920935e-05,3.791806528140192e-05,3.0102736086746427e-05,3.0102736150853303e-05,5.1971126106007196e-14,5.748098394833812e-14,6.410687546131236e-14,1.2135749355305162e-14,0,0,0,0,0,0
W2,261711,0,0.0,80.0,65.0,56.023221812147526,56.023221812147526,53,53,0,0,8.403274414211167e-05,8.403274450590956e-05,0.00015593379437950572,0.00015593379502333937,0.00011760032692061903,0.00011760032742973903,3.6379788613018216e-13,6.438336463358146e-13,5.091199949689221e-13,1.4532210883873992e-13,0,0,0,0,0,0
W2,261794,1,0.3575766980648041,82.0,71.0,60.611625744204105,60.611625744204105,58,58,0,0,5.5921564390509366e-05,5.5236090412138996e-05,0.00010453856159240998,0.00010399828263513692,7.443326927917786e-05,7.352088297933089e-05,-6.85473978370371e-07,-5.402789572730575e-07,-9.123862998469765e-07,-2.2691232147660555e-07,0,0,0,0,0,0
W2,262955,0,0.0,13.0,13.0,13.0,13.0,13,13,0,0,4.353597186879964e-05,4.353597186879964e-05,6.125329061865125e-05,6.125329061865125e-05,4.353597186879964e-05,4.353597186879964e-05,0.0,0.0,0.0,0.0,0,0,0,0,0,0
W2,262973,0,0.0,11.0,11.0,11.0,11.0,11,11,0,0,4.693988392484078e-05,4.693988392484078e-05,4.5853406923075086e-05,4.5853406923075086e-05,4.693988392484078e-05,4.693988392484078e-05,0.0,0.0,0.0,0.0,0,0,0,0,0,0
W2,263331,0,0.0,5.0,5.0,5.0,5.0,5,5,0,0,0.0003019862429937348,0.0003019862429937348,0.0003689029222572849,0.0003689029222572849,0.0003019862429937348,0.0003019862429937348,0.0,0.0,0.0,0.0,0,0,0,0,0,0
W2,263672,0,0.0,17.0,17.0,17.0,17.0,16,16,0,0,4.773012230597327e-05,4.7730122519972024e-05,4.8259506790431974e-05,4.825950700746504e-05,4.773012230597327e-05,4.7730122519972024e-05,2.1399875415554354e-13,2.1703306334183367e-13,2.1399875415554354e-13,0.0,0,0,0,0,0,0
W2,263986,0,0.0,19.0,18.0,17.0,17.0,17,17,0,0,8.0809047824933e-06,8.0809047824933e-06,1.1019288849018008e-05,1.1019288849018008e-05,8.850514761778377e-06,8.850514761778377e-06,0.0,0.0,0.0,0.0,0,0,0,0,0,0
W2,264700,1,10.73723030090332,9.0,9.0,2.064766082583562,2.668926605045914,3,4,1,0,0.00023984179521600404,0.0002624406835012552,0.0009743899609903042,0.0008252797370844945,0.0004796835904320081,0.0005115859099326267,2.259888828525113e-05,-0.00014911022390580973,3.190231950061861e-05,9.30343121536748e-06,0,0,0,0,1,1
W2,269229,0,0.0,14.0,14.0,13.0,13.0,12,12,0,0,2.9471651487256167e-05,2.9471651487256167e-05,2.8874932098777148e-05,2.8874932098777148e-05,3.120527804533006e-05,3.120527804533006e-05,0.0,0.0,0.0,0.0,0,0,0,0,0,0
W2,269382,0,0.0,4.0,4.0,4.0,4.0,4,4,0,0,1.0048351612113038e-05,1.0048351612113038e-05,1.1150460742351242e-05,1.1150460742351242e-05,1.0048351612113038e-05,1.0048351612113038e-05,0.0,0.0,0.0,0.0,0,0,0,0,0,0
W2,270899,0,0.0,12.0,12.0,12.0,12.0,12,12,0,0,9.058685923927594e-05,9.058685923927594e-05,0.00010399777353837782,0.00010399777353837782,9.058685923927594e-05,9.058685923927594e-05,0.0,0.0,0.0,0.0,0,0,0,0,0,0
W2,271642,0,0.0,65.0,57.0,56.0,56.0,52,52,0,0,0.00048234104795364687,0.00048234104795364687,0.001124108580585008,0.001124108580585008,0.0005546922051466939,0.0005546922051466939,0.0,0.0,0.0,0.0,0,0,0,0,1,1
W2,272282,0,0.0,72.0,67.0,64.06209427927428,64.06209427927428,59,59,0,0,4.7823976582043415e-05,4.782383861674991e-05,5.551017079599524e-05,5.551001855093911e-05,5.340156306859464e-05,5.340140901276639e-05,-1.3796529350684544e-10,-1.522450561344639e-10,-1.5405582824777175e-10,-1.6090534740926307e-11,0,0,0,0,0,0
W2,272471,1,0.1337866336107254,80.0,73.0,63.00928178801976,63.00928178801976,59,59,0,0,3.941910611565611e-05,3.925978430124808e-05,5.819611099093122e-05,5.803888045228336e-05,4.941412331787006e-05,4.9214404233391416e-05,-1.5932181440803106e-07,-1.572305386478561e-07,-1.9971908447864408e-07,-4.039727007061302e-08,0,0,0,0,0,0
W2,273656,0,0.0,82.0,63.0,52.173626528018396,52.173626528018396,51,51,0,0,2.7507682284769118e-05,2.7507682284769118e-05,4.891052803692857e-05,4.891052803692857e-05,4.211336925719395e-05,4.211336925719395e-05,0.0,0.0,0.0,0.0,0,0,0,0,0,0
W2,274890,0,0.0,9.0,9.0,9.0,9.0,9,9,0,0,9.650357888959762e-05,9.650357888959762e-05,9.914966643028727e-05,9.914966643028727e-05,9.650357888959762e-05,9.650357888959762e-05,0.0,0.0,0.0,0.0,0,0,0,0,0,0
W2,275023,0,0.0,5.0,5.0,2.671015009884389,2.671015009884389,3,3,0,0,1.4167235895001795e-05,1.4167235895001795e-05,3.100693863341429e-05,3.100693863341429e-05,1.9113301778828684e-05,1.9113301778828684e-05,0.0,0.0,0.0,0.0,0,0,0,0,0,0
W2,276773,0,0.0,92.0,68.0,48.17690446927558,48.17690446927558,47,47,0,0,5.087580120145637e-05,5.0875801181684746e-05,0.00011257388032049843,0.00011257388026813845,9.360610724263655e-05,9.360610720625886e-05,-1.9771626013926485e-14,-5.235998537956449e-14,-3.637769339231989e-14,-1.6606067378393402e-14,0,0,0,0,0,0
W2,276917,0,0.0,64.0,59.0,55.257274895050976,55.257274895050976,54,54,0,0,1.2465157384559944e-05,1.2465157391665371e-05,2.4949925141497414e-05,2.4949925151488734e-05,1.4304247092889319e-05,1.430424710104307e-05,7.105427357601002e-15,9.991319430873238e-15,8.153750908506709e-15,1.0483235509057068e-15,0,0,0,0,0,0
W2,278920,0,0.0,19.0,19.0,19.0,19.0,19,19,0,0,3.476148952741871e-05,3.476148952741871e-05,3.581173552089905e-05,3.581173552089905e-05,3.476148952741871e-05,3.476148952741871e-05,0.0,0.0,0.0,0.0,0,0,0,0,0,0
W2,279738,0,0.0,11.0,11.0,10.0,10.0,10,10,0,0,4.460952110011104e-06,4.460952110011104e-06,7.078617735983355e-06,7.078617735983355e-06,4.7795915464404685e-06,4.7795915464404685e-06,0.0,0.0,0.0,0.0,0,0,0,0,0,0
W2,280169,1,0.08337662369012833,8.0,8.0,8.0,8.0,8,8,0,0,3.3770403035759955e-05,3.270327727022959e-05,4.8370280458277024e-05,4.8033719028059416e-05,3.3770403035759955e-05,3.270327727022959e-05,-1.0671257655303634e-06,-3.365614302176082e-07,-1.0671257655303634e-06,0.0,0,0,0,0,0,0
W2,281971,0,0.0,68.0,59.0,54.99851647702384,54.99851647702384,52,52,0,0,2.073540087136069e-05,2.073540087136069e-05,3.300077131094101e-05,3.300077131094101e-05,2.5304854289334176e-05,2.5304854289334176e-05,0.0,0.0,0.0,0.0,0,0,0,0,0,0
W2,284271,0,0.0,75.0,66.0,58.45582778058836,58.45582778058836,58,58,0,0,1.3031653242402778e-05,1.3031653193896395e-05,1.9630915724937705e-05,1.9630915696010625e-05,1.6483659615665112e-05,1.6483659554309678e-05,-4.850638357504263e-14,-2.8927079779922024e-14,-6.135543462182369e-14,-1.2849051046781058e-14,0,0,0,0,0,0
W2,285249,0,0.0,10.0,10.0,8.75306179883573,8.75306179883573,9,9,0,0,7.441146799180842e-06,7.441146799180842e-06,9.455896988654812e-06,9.455896988654812e-06,8.168709352450748e-06,8.168709352450748e-06,0.0,0.0,0.0,0.0,0,0,0,0,0,0
W2,286153,0,0.0,74.0,66.0,57.540363550825774,57.540363550825774,54,54,0,0,9.4574351932101e-05,9.456381619799004e-05,0.00016086329603343932,0.00016085215046260728,0.00011986928618989111,0.00011985593255963548,-1.0535734110958322e-08,-1.114557083203762e-08,-1.335363025562722e-08,-2.8178961446688987e-09,0,0,0,0,0,0
W2,289178,0,0.0,33.0,30.0,26.619352342898864,26.619352342898864,26,26,0,0,9.046728884196193e-05,9.046728884196193e-05,0.00015858374435651326,0.00015858374435651326,0.00010931941504402472,0.00010931941504402472,0.0,0.0,0.0,0.0,0,0,0,0,0,0
W2,289629,0,0.0,65.0,50.0,47.0,47.0,43,43,0,0,4.572785779155029e-05,4.572785740867707e-05,0.00040202962465729874,0.00040202962462643904,6.18671017179798e-05,6.186710119997486e-05,-3.828732239564113e-13,-3.085970064556354e-14,-5.180049504572778e-13,-1.3513172650086655e-13,0,0,0,0,0,0
W2,292579,0,0.0,6.0,6.0,4.0,4.0,4,4,0,0,0.0003776758724901204,0.0003776758724901204,0.0005653874896248852,0.0005653874896248852,0.0004720948406126505,0.0004720948406126505,0.0,0.0,0.0,0.0,0,0,0,0,1,1
W2,294813,0,0.0,73.0,68.0,60.694341955600756,60.694341955600756,59,59,0,0,4.628891480407431e-06,4.628891477292723e-06,8.664647970804573e-06,8.664647977688088e-06,5.509363465447779e-06,5.509363461740615e-06,-3.1147078595776187e-15,6.883514889815742e-15,-3.707164207501692e-15,-5.924563479240731e-16,0,0,0,0,0,0
W2,295679,0,0.0,74.0,66.0,62.19235092560308,62.19235092560308,60,60,0,0,3.6860363694897443e-05,3.6860363694897443e-05,6.084031588280492e-05,6.084031588280492e-05,4.343565877322411e-05,4.343565877322411e-05,0.0,0.0,0.0,0.0,0,0,0,0,0,0
W2,295860,0,0.0,10.0,10.0,10.0,10.0,10,10,0,0,0.00012157070941611891,0.00012157070941611891,0.00013977893076208873,0.00013977893076208873,0.00012157070941611891,0.00012157070941611891,0.0,0.0,0.0,0.0,0,0,0,0,0,0
W2,297806,0,0.0,1.0,1.0,1.0,1.0,1,1,0,0,0.00026082395925186574,0.00026082395925186574,0.00026082395925186574,0.00026082395925186574,0.00026082395925186574,0.00026082395925186574,0.0,0.0,0.0,0.0,0,0,0,0,0,0
W2,301157,1,0.02981737069785595,12.0,12.0,3.9898769025393586,3.992875756288995,4,4,1,1,0.00025300687432168917,0.0002534183409797682,0.0007742739546067306,0.0007738636474724613,0.0005060137486433783,0.0005068366819595364,4.114666580790072e-07,-4.10307134269248e-07,8.229333161580143e-07,4.114666580790072e-07,0,0,0,0,1,1
W2,302914,0,0.0,65.0,57.0,51.94987340165006,51.94987340165006,48,48,0,0,6.723199637428059e-05,6.723199822125444e-05,0.00010015328000664362,0.00010015328288199788,8.291364158276269e-05,8.291364386053723e-05,1.846973854240097e-12,2.8753542651244537e-12,2.277774540163091e-12,4.3080068592299403e-13,0,0,0,0,0,0
W2,303288,0,0.0,9.0,9.0,9.0,9.0,9,9,0,0,1.9865303228369965e-05,1.9865303228369965e-05,1.95442603077977e-05,1.95442603077977e-05,1.9865303228369965e-05,1.9865303228369965e-05,0.0,0.0,0.0,0.0,0,0,0,0,0,0
W2,306350,1,0.00020735434372909367,100.0,78.0,73.0,73.0,71,71,0,0,1.945429299809169e-05,1.9454136521198027e-05,4.2708194355442125e-05,4.270819411067472e-05,2.627592820521475e-05,2.627571685979993e-05,-1.5647689366433222e-10,-2.44767402147409e-13,-2.113454148220859e-10,-5.486852115775369e-11,0,0,0,0,0,0
W2,306958,0,0.0,10.0,10.0,9.93488406673664,9.93488406673664,10,10,0,0,0.00014929099052096717,0.0001492909919761587,0.00014911068190877152,0.00014911068379929186,0.00014998860824990039,0.00014998860971189183,1.4551915174156743e-12,1.8905203466069997e-12,1.4619914437061232e-12,6.799926290448899e-15,0,0,0,0,0,0
W2,307432,0,0.0,9.0,9.0,7.717241549308794,7.717241549308794,8,8,0,0,1.2963886850532921e-05,1.2963886850532921e-05,1.6088955717950803e-05,1.6088955717950803e-05,1.438312322466969e-05,1.438312322466969e-05,0.0,0.0,0.0,0.0,0,0,0,0,0,0
W2,308136,0,0.0,5.0,5.0,4.759054635674443,4.759054635674443,5,5,0,0,0.00016085604002000765,0.00016085604002000765,0.00016555852653400325,0.00016555852653400325,0.00016528089164825676,0.00016528089164825676,0.0,0.0,0.0,0.0,0,0,0,0,0,0
W2,309641,0,0.0,63.0,48.0,46.05508678384204,46.05508678384204,43,43,0,0,7.547905561778682e-05,7.547905561778682e-05,0.0003913736955314373,0.0003913736955314373,0.00010103062548328585,0.00010103062548328585,0.0,0.0,0.0,0.0,0,0,0,0,0,0
W2,310364,0,0.0,2.0,2.0,1.0,1.0,1,1,0,0,2.696397314139176e-05,2.696397314139176e-05,5.392794628278352e-05,5.392794628278352e-05,2.696397314139176e-05,2.696397314139176e-05,0.0,0.0,0.0,0.0,0,0,0,0,0,0
W2,310876,0,0.0,25.0,18.0,15.0,15.0,15,15,0,0,6.8587445094792085e-06,6.8587445094792085e-06,1.5513570460606913e-05,1.5513570460606913e-05,1.0468610040784054e-05,1.0468610040784054e-05,0.0,0.0,0.0,0.0,0,0,0,0,0,0
W2,311838,0,0.0,13.0,13.0,13.0,13.0,13,13,0,0,5.680809044861235e-05,5.680809044861235e-05,6.147712562445697e-05,6.147712562445697e-05,5.680809044861235e-05,5.680809044861235e-05,0.0,0.0,0.0,0.0,0,0,0,0,0,0
W2,313858,0,0.0,25.0,21.0,20.0,20.0,20,20,0,0,8.792573218215694e-05,8.792573189111863e-05,0.00013222138833785874,0.00013222138785187572,0.00010624359305343963,0.00010624359270176835,-2.9103831161465116e-13,-4.859830257403913e-13,-3.51671274566312e-13,-6.063296295166082e-14,0,0,0,0,0,0
W2,314676,1,1.2906348705291748,15.0,15.0,15.0,15.0,14,14,0,0,0.00036285068686083834,0.0003600034591272561,0.00045219236431131253,0.00044799596065429566,0.00036285068686083834,0.0003600034591272561,-2.8472277335822582e-06,-4.196403657016868e-06,-2.8472277335822582e-06,0.0,0,0,0,0,0,0
W2,315500,0,0.0,10.0,10.0,9.0,9.0,9,9,0,0,8.785207610344515e-05,8.785207610344515e-05,9.672305271693084e-05,9.672305271693084e-05,9.460992811140246e-05,9.460992811140246e-05,0.0,0.0,0.0,0.0,0,0,0,0,0,0
W2,317004,0,0.0,64.0,55.0,54.0,54.0,50,50,0,0,1.3502944263166228e-05,1.3502944263166228e-05,3.862526355940602e-05,3.862526355940602e-05,1.5831038101643163e-05,1.5831038101643163e-05,0.0,0.0,0.0,0.0,0,0,0,0,0,0
W2,317838,0,0.0,10.0,10.0,10.0,10.0,10,10,0,0,0.0003693326318170875,0.0003693326318170875,0.0003775000498770217,0.0003775000498770217,0.0003693326318170875,0.0003693326318170875,0.0,0.0,0.0,0.0,0,0,0,0,0,0
W2,320671,0,0.0,8.0,8.0,8.0,8.0,8,8,0,0,1.1633345280870344e-05,1.1633345280870344e-05,1.2906207244384417e-05,1.2906207244384417e-05,1.1633345280870344e-05,1.1633345280870344e-05,0.0,0.0,0.0,0.0,0,0,0,0,0,0
W2,321486,0,0.0,14.0,14.0,13.301203682681919,13.301203682681919,13,13,0,0,0.00024465168306570765,0.00024465168319563545,0.00042483872782891007,0.00042483872785015474,0.0002545331744513686,0.0002545331745865442,1.2992780679468852e-13,2.1244670519310338e-14,1.3517561636006148e-13,5.247809565372963e-15,0,0,0,0,0,0
W2,322038,0,0.0,17.0,12.0,5.864937160943164,5.864937160943164,6,6,1,1,0.000212072953753009,0.000212072953753009,0.0005077143009523495,0.0005077143009523495,0.000424145907506018,0.000424145907506018,0.0,0.0,0.0,0.0,0,0,0,0,1,1
W2,322866,1,0.003869463689625263,74.0,61.0,56.10859249604299,56.10859249604299,54,54,0,0,0.00022001605606143033,0.00022001305422500526,0.001542805732623361,0.001542805503443155,0.00028550414608229774,0.0002855002507450185,-3.0018364250751235e-09,-2.2918020606277345e-10,-3.895337279244317e-09,-8.935008541691939e-10,0,0,0,0,0,0
W2,323469,0,0.0,4.0,4.0,4.0,4.0,4,4,0,0,0.00023233606771100312,0.00023233606771100312,0.00022023363374181344,0.00022023363374181344,0.00023233606771100312,0.00023233606771100312,0.0,0.0,0.0,0.0,0,0,0,0,0,0
W2,326167,0,0.0,26.0,20.0,17.0,17.0,17,17,0,0,0.00010390122197087784,0.00010390122141118879,0.00017454455063692023,0.00017454454980037987,0.00014843031710125404,0.00014843031630169825,-5.596890545423935e-13,-8.365403638896374e-13,-7.995557883312687e-13,-2.398667337888752e-13,0,0,0,0,0,0
W2,327359,1,0.06353700160980225,15.0,15.0,15.0,15.0,14,14,0,0,0.00011825741518123323,0.00011586889006972948,0.00021518683258156112,0.00021472368368460657,0.00011825741518123323,0.00011586889006972948,-2.38852511150375e-06,-4.631488969545521e-07,-2.38852511150375e-06,0.0,0,0,0,0,0,0
W2,327976,0,0.0,19.0,16.0,12.513288427503765,12.513288427503765,13,13,0,0,0.00013897710950435508,0.00013897710797257452,0.00021791077237845856,0.00021791077007971696,0.00019356977458688778,0.00019356977245339675,-1.53178056176706e-12,-2.2987416007161365e-12,-2.1334910292429565e-12,-6.017104674758966e-13,0,0,0,0,0,0
W2,330114,0,0.0,7.0,7.0,7.0,7.0,7,7,0,0,0.0001538908070090526,0.0001538908070090526,0.00018336100539816753,0.00018336100539816753,0.0001538908070090526,0.0001538908070090526,0.0,0.0,0.0,0.0,0,0,0,0,0,0
W2,331515,1,1.807836890220642,12.0,12.0,4.077988751709075,4.407177253954772,4,5,0,0,4.2696955455769535e-05,4.357805391396371e-05,0.00015356169169263972,0.00014046727086649516,8.456947741450829e-05,8.293495445161818e-05,8.810984581941739e-07,-1.3094420826144555e-05,-1.6345229628901065e-06,-2.5156214210842804e-06,0,0,0,0,0,0
W2,332271,0,0.0,25.0,23.0,23.0,23.0,22,22,0,0,1.0931580145552289e-05,1.0931580145552289e-05,1.2801107285351111e-05,1.2801107285351111e-05,1.1741326823000607e-05,1.1741326823000607e-05,0.0,0.0,0.0,0.0,0,0,0,0,0,0
W2,336823,0,0.0,23.0,23.0,22.514524785025547,22.514524785025547,23,23,0,0,6.602826357740686e-05,6.602826357740686e-05,6.403442747572857e-05,6.403442747572857e-05,6.723722680471445e-05,6.723722680471445e-05,0.0,0.0,0.0,0.0,0,0,0,0,0,0
W2,337818,0,0.0,13.0,13.0,13.0,13.0,13,13,0,0,0.0001091069620516604,0.0001091069620516604,0.0001244009222722902,0.0001244009222722902,0.0001091069620516604,0.0001091069620516604,0.0,0.0,0.0,0.0,0,0,0,0,0,0
W2,338431,0,0.0,87.0,72.0,66.45446278303265,66.45446278303265,63,63,0,0,1.9198418349154772e-05,1.9198418349154772e-05,3.277955781235348e-05,3.277955781235348e-05,2.4796953958093662e-05,2.4796953958093662e-05,0.0,0.0,0.0,0.0,0,0,0,0,0,0
W2,338770,0,0.0,61.0,51.0,47.21829320118722,47.21829320118722,45,45,0,0,8.505317004239434e-05,8.505317004239434e-05,0.000332922426183915,0.00033292242647721274,0.00010793909182095675,0.00010793909182095675,0.0,2.9329772117947517e-13,0.0,0.0,0,0,0,0,0,0
W2,340492,0,0.0,19.0,19.0,19.0,19.0,19,19,0,0,2.4316171005155317e-06,2.4316171005155317e-06,2.6604594129204266e-06,2.6604594129204266e-06,2.4316171005155317e-06,2.4316171005155317e-06,0.0,0.0,0.0,0.0,0,0,0,0,0,0
W2,341993,0,0.0,12.0,12.0,12.0,12.0,12,12,0,0,8.701672117913024e-05,8.701672117913024e-05,0.00011645097006723665,0.00011645097006723665,8.701672117913024e-05,8.701672117913024e-05,0.0,0.0,0.0,0.0,0,0,0,0,0,0
W2,342620,0,0.0,20.0,20.0,19.158043984530718,19.158043984530718,20,20,0,0,1.084037077987432e-05,1.084037077987432e-05,1.5720136943281478e-05,1.5720136943281478e-05,1.123449367704687e-05,1.123449367704687e-05,0.0,0.0,0.0,0.0,0,0,0,0,0,0
W2,344017,1,0.0005041920230723917,75.0,67.0,57.0,57.0,53,53,0,0,1.1671274183910897e-06,1.1643276731021502e-06,3.1041374529015065e-06,3.103011560787852e-06,1.5115256729982963e-06,1.507899773361801e-06,-2.799745288939482e-09,-1.1258921136546542e-09,-3.6258996364953773e-09,-8.261543475558954e-10,0,0,0,0,0,0
W2,344855,0,0.0,18.0,18.0,16.35828187413919,16.35828187413919,16,16,0,0,0.00036058848005874705,0.0003605884768249881,0.00039830613703201417,0.00039830613439657375,0.0003896668004862205,0.000389666796991687,-3.2337589637304598e-12,-2.635440422751184e-12,-3.494533492871127e-12,-2.607745291406671e-13,0,0,0,0,1,1
W2,346180,1,0.009471242316067219,38.0,30.0,27.08768799398422,27.08768799398422,27,27,0,0,3.1762100105687864e-05,3.175938432459078e-05,0.0001650642899640337,0.00016506420910333068,4.2911142337025334e-05,4.2907473270155536e-05,-2.7157810970839078e-09,-8.08607030075223e-11,-3.6690668697985252e-09,-9.532857727146174e-10,0,0,0,0,0,0
W2,347459,0,0.0,74.0,70.0,68.0,68.0,64,64,0,0,0.00010711210210738791,0.00010711210210738791,0.0001485868513484121,0.0001485868513484121,0.0001160381106163369,0.0001160381106163369,0.0,0.0,0.0,0.0,0,0,0,0,0,0
W2,347903,0,0.0,30.0,21.0,18.0,18.0,18,18,0,0,6.248376308971154e-06,6.248376308971154e-06,1.5309585301871574e-05,1.5309585301871574e-05,9.656581568409965e-06,9.656581568409965e-06,0.0,0.0,0.0,0.0,0,0,0,0,0,0
W2,352112,0,0.0,13.0,13.0,13.0,13.0,12,12,0,0,3.2235960204091566e-06,3.2235960204091566e-06,3.763834768437759e-06,3.763834768437759e-06,3.2235960204091566e-06,3.2235960204091566e-06,0.0,0.0,0.0,0.0,0,0,0,0,0,0
W2,352248,0,0.0,40.0,39.0,19.81542046974145,19.81542046974145,21,21,0,0,9.86296406153997e-05,9.86296406153997e-05,0.00019873243145126417,0.00019873243145126417,0.00018222244669546664,0.00018222244669546664,0.0,0.0,0.0,0.0,0,0,0,0,0,0
W2,353438,1,0.44308120012283325,11.0,10.0,10.0,10.0,10,10,0,0,0.00021108144904825497,0.00020467882065779784,0.00019843726294823888,0.00019361816870512705,0.00022615869540884462,0.0002192987364190691,-6.402628390457125e-06,-4.819094243111832e-06,-6.859958989775513e-06,-4.573305993183874e-07,0,0,0,0,0,0
W2,353971,0,0.0,3.0,3.0,2.0,2.0,2,2,0,0,2.7803595003206283e-05,2.7803595003206283e-05,4.195243054783497e-05,4.195243054783497e-05,2.7803595003206283e-05,2.7803595003206283e-05,0.0,0.0,0.0,0.0,0,0,0,0,0,0
W2,354885,0,0.0,33.0,24.0,21.0,21.0,20,20,0,0,3.893595667363345e-05,3.893595667363345e-05,0.00015095127597219532,0.00015095127597219532,5.762521587697751e-05,5.762521587697751e-05,0.0,0.0,0.0,0.0,0,0,0,0,0,0
W2,355346,1,0.2374705970287323,96.0,58.0,51.0,51.0,47,47,0,0,6.316579344602193e-06,6.0942833780789594e-06,2.026035896165931e-05,1.9410169011961648e-05,1.1484689717458533e-05,1.1080515232870836e-05,-2.222959665232338e-07,-8.50189949697661e-07,-4.0417448458769736e-07,-1.8187851806446356e-07,0,0,0,0,0,0
W2,355716,0,0.0,10.0,10.0,9.994583954030439,9.994583954030439,10,10,0,0,2.599841146775361e-05,2.599841146775361e-05,2.9343724100213123e-05,2.9343724100213123e-05,2.60084731167535e-05,2.60084731167535e-05,0.0,0.0,0.0,0.0,0,0,0,0,0,0
W2,355782,0,0.0,63.0,50.0,44.023253968998986,44.023253968998986,42,42,0,0,7.389839740117077e-05,7.389839751666215e-05,0.0004567669646988094,0.00045676696491109997,0.00010309989883389915,0.00010309989899502782,1.154913838175009e-13,2.1229058008026547e-13,1.6112866520635177e-13,4.563728138885087e-14,0,0,0,0,0,0
W2,355867,0,0.0,18.0,18.0,17.0,17.0,17,17,0,0,0.00029006851562169485,0.00029006851562169485,0.0003916986659631028,0.0003916986659631028,0.00030388130207987076,0.00030388130207987076,0.0,0.0,0.0,0.0,0,0,0,0,0,0
W2,358368,0,0.0,18.0,18.0,18.0,18.0,17,17,0,0,3.327801354342025e-05,3.3265050363853436e-05,3.649608407832363e-05,3.648404739162547e-05,3.327801354342025e-05,3.3265050363853436e-05,-1.2963179566817583e-08,-1.2036686698159644e-08,-1.2963179566817583e-08,0.0,0,0,0,0,0,0
W2,359250,0,0.0,9.0,9.0,8.01555305401347,8.01555305401347,8,8,0,0,0.0002919731624868089,0.0002919731721880857,0.0003658948560968312,0.000365894869890578,0.0003158948319121009,0.00031589484240821355,9.701276782771162e-12,1.379374679798609e-11,1.0496112659574841e-11,7.94835876803679e-13,0,0,0,0,0,0
W2,360391,0,0.0,70.0,65.0,63.6357428116535,63.6357428116535,60,60,0,0,0.0003045040919606176,0.00030450409185667535,0.0011375367171082692,0.0011375367170194807,0.0003331567285042556,0.00033315672839053276,-1.0394224543575081e-13,-8.878856851135541e-14,-1.1372283323374255e-13,-9.780587797991735e-15,0,0,0,0,0,0
W2,360573,0,0.0,10.0,10.0,9.60170241935949,9.60170241935949,10,10,0,0,5.996900436002761e-05,5.996900436002761e-05,7.117795790052359e-05,7.117795790052359e-05,6.172507199138694e-05,6.172507199138694e-05,0.0,0.0,0.0,0.0,0,0,0,0,0,0
W2,361557,0,0.0,9.0,9.0,1.0,1.0,1,1,0,0,7.34378700144589e-05,7.34378700144589e-05,0.00066094083013013,0.00066094083013013,7.34378700144589e-05,7.34378700144589e-05,0.0,0.0,0.0,0.0,0,0,0,0,0,0
W2,362464,0,0.0,12.0,12.0,12.0,12.0,12,12,0,0,0.00018118671202197825,0.00018118671202197825,0.00022878734153713095,0.00022878734153713095,0.00018118671202197825,0.00018118671202197825,0.0,0.0,0.0,0.0,0,0,0,0,0,0
W2,363116,0,0.0,80.0,69.0,62.0,62.0,59,59,0,0,2.9077113546105427e-08,2.9077113546105427e-08,3.1625099887096966e-08,3.1625099887096966e-08,3.7007235422316e-08,3.7007235422316e-08,0.0,0.0,0.0,0.0,0,0,0,0,0,0
W2,363454,1,0.1486244797706604,62.0,54.0,52.0,52.0,50,50,0,0,5.27494268182284e-05,5.2731695192168474e-05,7.443117691488225e-05,7.442149874592913e-05,6.216896732148347e-05,6.214806933362713e-05,-1.7731626059923355e-08,-9.678168953115873e-09,-2.0897987856345742e-08,-3.166361796422387e-09,0,0,0,0,0,0
W2,363525,0,0.0,12.0,11.0,10.0,10.0,10,10,0,0,3.251943326176843e-05,3.251943326176843e-05,3.7944657437929544e-05,3.7944657437929544e-05,3.71650665848782e-05,3.71650665848782e-05,0.0,0.0,0.0,0.0,0,0,0,0,0,0
W2,363951,0,0.0,19.0,19.0,19.0,19.0,19,19,0,0,0.0002636386508177231,0.0002636386508177231,0.00040128981890046587,0.00040128981890046587,0.0002636386508177231,0.0002636386508177231,0.0,0.0,0.0,0.0,0,0,0,0,0,0
W2,366133,0,0.0,21.0,19.0,17.0,17.0,16,16,0,0,3.1471702551958257e-07,3.1471702551958257e-07,3.6296347325944515e-07,3.6296347325944515e-07,3.746631256185507e-07,3.746631256185507e-07,0.0,0.0,0.0,0.0,0,0,0,0,0,0
W2,367428,0,0.0,18.0,16.0,10.0,10.0,9,9,0,0,3.452342126466748e-05,3.452342126466748e-05,6.568019623219015e-05,6.568019623219015e-05,5.425109055876317e-05,5.425109055876317e-05,0.0,0.0,0.0,0.0,0,0,0,0,0,0
W2,369967,0,0.0,20.0,20.0,19.0,19.0,18,18,0,0,8.24422038931516e-05,8.244220388178291e-05,8.92468379889226e-05,8.924683797763935e-05,8.602664754067994e-05,8.602664752881695e-05,-1.1368686482667034e-14,-1.1283251351475176e-14,-1.1862987805630332e-14,-4.943013229632975e-16,0,0,0,0,0,0
W2,370617,0,0.0,21.0,21.0,21.0,21.0,21,21,0,0,6.738597078635524e-05,6.738597078635524e-05,7.232942080514652e-05,7.232942080514652e-05,6.738597078635524e-05,6.738597078635524e-05,0.0,0.0,0.0,0.0,0,0,0,0,0,0
W2,371845,0,0.0,23.0,19.0,18.0,18.0,17,17,0,0,0.0003338653811235273,0.0003338653811235273,0.0005331358673436023,0.0005331358673436023,0.00040974387683341985,0.00040974387683341985,0.0,0.0,0.0,0.0,0,0,0,0,1,1
W2,371948,0,0.0,14.0,13.0,11.685798195945749,11.685798195945749,12,12,0,0,0.00019495654159332583,0.00019495654055390332,0.0002486198170553808,0.0002486198156913821,0.00022371942472056538,0.00022371942352779182,-1.0394225085676168e-12,-1.363998703481778e-12,-1.1927735546219537e-12,-1.5335104605433691e-13,0,0,0,0,0,0
W2,372407,0,0.0,7.0,7.0,7.0,7.0,7,7,0,0,0.00017112622507348924,0.00017112622507348924,0.00017921999919137137,0.00017921999919137137,0.00017112622507348924,0.00017112622507348924,0.0,0.0,0.0,0.0,0,0,0,0,0,0
W2,373208,0,0.0,9.0,9.0,6.663307878685,6.663307878685,7,7,0,0,0.00018912996246298362,0.00018912995922922468,0.0002616256933298211,0.0002616256885387377,0.0002305747465974876,0.0002305747426551025,-3.2337589366254055e-12,-4.791083382891387e-12,-3.942385101100149e-12,-7.086261644747432e-13,0,0,0,0,0,0
W2,374360,0,0.0,20.0,20.0,19.99584842226106,19.99584842226106,19,19,0,0,2.0043075585629567e-05,2.0043075585629567e-05,3.281263786400465e-05,3.281263786400465e-05,2.0046543284914747e-05,2.0046543284914747e-05,0.0,0.0,0.0,0.0,0,0,0,0,0,0
W2,375382,0,0.0,19.0,19.0,18.342655295676288,18.342655295676288,18,18,0,0,6.312746776721294e-05,6.312746767147665e-05,6.867849098536445e-05,6.867849092377115e-05,6.498474507311013e-05,6.498474497455717e-05,-9.573628511044124e-14,-6.159329502593985e-14,-9.855296103939565e-14,-2.816675928954404e-15,0,0,0,0,0,0
W2,377473,0,0.0,21.0,21.0,18.85716419851679,18.85716419851679,19,19,0,0,0.00030671313806708767,0.00030671313806708767,0.0003978387060747297,0.0003978387060747297,0.00033546718154016495,0.00033546718154016495,0.0,0.0,0.0,0.0,0,0,0,0,0,0
W2,379869,0,0.0,9.0,9.0,8.764407689597002,8.764407689597002,9,9,0,0,0.00017188746520938972,0.00017188746844314865,0.0001933310236916509,0.0001933310272570952,0.00017505998727565048,0.00017505999056909483,3.2337589366254055e-12,3.5654442993946628e-12,3.2934443475358954e-12,5.968541091048996e-14,0,0,0,0,0,0
W2,383860,0,0.0,8.0,8.0,7.022739760818759,7.022739760818759,7,7,0,0,0.00021665715030394495,0.00021665715212293435,0.0004007793958524654,0.0004007793968722854,0.00023586566135661195,0.00023586566333687036,1.8189894035458565e-12,1.019819970658753e-12,1.9802584051709093e-12,1.6126900162505287e-13,0,0,0,0,0,0
W2,383992,0,0.0,29.0,23.0,21.0,21.0,21,21,0,0,6.856881016128162e-05,6.856881016128162e-05,0.00021216795557053015,0.00021216795557053015,9.051082941289175e-05,9.051082941289175e-05,0.0,0.0,0.0,0.0,0,0,0,0,0,0
W2,387450,0,0.0,9.0,9.0,9.0,9.0,9,9,0,0,8.652038620008777e-05,8.652038620008777e-05,8.697596893748298e-05,8.697596893748298e-05,8.652038620008777e-05,8.652038620008777e-05,0.0,0.0,0.0,0.0,0,0,0,0,0,0
W2,387650,0,0.0,22.0,20.0,18.0,18.0,16,16,0,0,0.00015580251852592204,0.00015580251852592204,0.0003222246137528759,0.0003222246137528759,0.00018413024916699876,0.00018413024916699876,0.0,0.0,0.0,0.0,0,0,0,0,0,0
W2,390402,0,0.0,96.0,64.0,51.98424454110697,51.98424454110697,49,49,0,0,2.0112005936649114e-06,2.0112005936649114e-06,9.41112864553237e-06,9.41112864553237e-06,3.592440355586415e-06,3.592440355586415e-06,0.0,0.0,0.0,0.0,0,0,0,0,0,0
W2,394383,1,0.6950488090515137,19.0,14.0,7.213905418353025,7.213905418353025,8,8,1,1,8.746976542726627e-05,6.688553449108488e-05,0.0003387212671618496,0.0002621888494998661,0.00017493953085453255,0.00013377106898216975,-2.0584230936181397e-05,-7.653241766198348e-05,-4.1168461872362794e-05,-2.0584230936181397e-05,0,0,0,0,0,0
W2,398015,1,0.008460353128612041,7.0,7.0,7.0,7.0,7,7,0,0,5.767687452719526e-06,5.675801812036038e-06,1.270275676776865e-05,1.2673992323114906e-05,5.767687452719526e-06,5.675801812036038e-06,-9.188564068348817e-08,-2.876444465374408e-08,-9.188564068348817e-08,0.0,0,0,0,0,0,0
W2,399862,0,0.0,13.0,13.0,11.081177099422346,11.081177099422346,12,12,0,0,3.002358485341224e-05,3.002358485341224e-05,3.702084597298976e-05,3.702084597298976e-05,3.384357461908978e-05,3.384357461908978e-05,0.0,0.0,0.0,0.0,0,0,0,0,0,0
W2,399928,0,0.0,13.0,13.0,13.0,13.0,12,12,0,0,6.101384608952615e-05,6.1013845529837105e-05,6.271176700871426e-05,6.271176644391032e-05,6.101384608952615e-05,6.1013845529837105e-05,-5.5968904776613e-13,-5.648039409214198e-13,-5.5968904776613e-13,0.0,0,0,0,0,0,0
W2,401307,0,0.0,18.0,15.0,9.113465215333727,9.113465215333727,10,10,0,0,0.00019018304319350242,0.00019018304319350242,0.00044457359906283116,0.00044457359906283116,0.000319063411657555,0.000319063411657555,0.0,0.0,0.0,0.0,0,0,0,0,0,0
W2,405315,0,0.0,9.0,9.0,8.377346046604059,8.377346046604059,9,9,0,0,0.00016692207767240083,0.00016692207767240083,0.00019724914273320664,0.00019724914273320664,0.00017531924869601463,0.00017531924869601463,0.0,0.0,0.0,0.0,0,0,0,0,0,0
W2,405675,0,0.0,2.0,2.0,2.0,2.0,2,2,0,0,0.00010076057878904976,0.00010076057878904976,0.00010123419978738889,0.00010123419978738889,0.00010076057878904976,0.00010076057878904976,0.0,0.0,0.0,0.0,0,0,0,0,0,0
W2,406191,0,0.0,18.0,18.0,18.0,18.0,18,18,0,0,1.851114129259991e-05,1.851114129259991e-05,2.7468304555539173e-05,2.7468304555539173e-05,1.851114129259991e-05,1.851114129259991e-05,0.0,0.0,0.0,0.0,0,0,0,0,0,0
W2,406511,0,0.0,12.0,12.0,12.0,12.0,11,11,0,0,0.0001788175850379048,0.000178817584431575,0.00020557005083433256,0.0002055700500282718,0.0001788175850379048,0.000178817584431575,-6.063297921469341e-13,-8.060607574206929e-13,-6.063297921469341e-13,0.0,0,0,0,0,0,0
W2,408489,0,0.0,22.0,14.0,11.0,11.0,10,10,0,0,1.1190302879155405e-05,1.1190302879155405e-05,3.2238436479834696e-05,3.2238436479834696e-05,1.9396524990536035e-05,1.9396524990536035e-05,0.0,0.0,0.0,0.0,0,0,0,0,0,0
W2,409767,0,0.0,36.0,36.0,22.153200349178277,22.153200349178277,23,23,0,0,0.00021014828047959277,0.00021014828047959277,0.0003589478859681048,0.0003589478859681048,0.0003214111889540823,0.0003214111889540823,0.0,0.0,0.0,0.0,0,0,0,0,0,0
W2,409822,0,0.0,9.0,9.0,6.029246483879356,6.029246483879356,8,8,0,0,0.00014449037856441768,0.00014449037856441768,0.00018914373319853968,0.00018914373319853968,0.0001872897355107047,0.0001872897355107047,0.0,0.0,0.0,0.0,0,0,0,0,0,0
W2,410921,0,0.0,12.0,12.0,12.0,12.0,11,11,0,0,0.00020913553513916364,0.00020913553028852525,0.00029227797907424824,0.00029227797126794847,0.00020913553513916364,0.00020913553028852525,-4.850638391385581e-12,-7.806299768924052e-12,-4.850638391385581e-12,0.0,0,0,0,0,0,0
W2,412256,0,0.0,10.0,10.0,10.0,10.0,10,10,0,0,0.00023441241319233086,0.00023441241319233086,0.0002465675019307235,0.0002465675019307235,0.00023441241319233086,0.00023441241319233086,0.0,0.0,0.0,0.0,0,0,0,0,0,0
W2,413083,1,0.07397761940956116,95.0,93.0,73.1636744008652,73.1636744008652,69,69,0,0,7.388407759877895e-06,7.37523265747468e-06,1.110517569165105e-05,1.1096878596636601e-05,9.479231956062866e-06,9.46232846944114e-06,-1.3175102403214613e-08,-8.297095014448409e-09,-1.690348662172551e-08,-3.728384218510898e-09,0,0,0,0,0,0
W2,414652,0,0.0,8.0,8.0,8.0,8.0,8,8,0,0,8.595099825470243e-05,8.595099825470243e-05,0.00011059637630227856,0.00011059637630227856,8.595099825470243e-05,8.595099825470243e-05,0.0,0.0,0.0,0.0,0,0,0,0,0,0
W2,415091,0,0.0,11.0,11.0,11.0,11.0,11,11,0,0,0.00018304021696993996,0.00018304021696993996,0.00019566326294357867,0.00019566326294357867,0.00018304021696993996,0.00018304021696993996,0.0,0.0,0.0,0.0,0,0,0,0,0,0
W2,415272,0,0.0,19.0,19.0,16.86204522970487,16.86204522970487,17,17,0,0,0.0004827915688176625,0.0004827915688176625,0.0008128498819593753,0.0008128498819593753,0.0005322683351771895,0.0005322683351771895,0.0,0.0,0.0,0.0,0,0,0,0,1,1
W2,415415,0,0.0,20.0,20.0,18.0,18.0,16,16,0,0,6.335985962564461e-05,6.335985962564461e-05,0.00010457832065509457,0.00010457832065509457,6.911984686433957e-05,6.911984686433957e-05,0.0,0.0,0.0,0.0,0,0,0,0,0,0
W2,415713,0,0.0,5.0,5.0,4.000009523801833,4.000009523801833,4,4,0,0,0.00010085931583014106,0.00010085931583014106,0.0001524259291586446,0.0001524259291586446,0.00011346659522973773,0.00011346659522973773,0.0,0.0,0.0,0.0,0,0,0,0,0,0
W2,415745,0,0.0,7.0,7.0,7.0,7.0,7,7,0,0,4.7941834899185256e-05,4.7941834899185256e-05,6.829029108543435e-05,6.829029108543435e-05,4.7941834899185256e-05,4.7941834899185256e-05,0.0,0.0,0.0,0.0,0,0,0,0,0,0
W2,415780,0,0.0,21.0,21.0,19.93909041976792,19.93909041976792,19,19,0,0,0.0002573376106218867,0.0002573376106218867,0.0002792427762652258,0.0002792427765113265,0.00026874205129509424,0.00026874205129509424,0.0,2.461007200978138e-13,0.0,0.0,0,0,0,0,0,0
W2,416032,0,0.0,22.0,21.0,18.18989220156756,18.18989220156756,19,19,0,0,0.0004552874681227085,0.0004552874681227085,0.0007504371521482663,0.0007504371521482663,0.0005334624460390207,0.0005334624460390207,0.0,0.0,0.0,0.0,0,0,0,0,1,1
W2,416703,0,0.0,19.0,19.0,18.99725976992221,18.99725976992221,18,18,0,0,4.801545131379694e-05,4.801545131379694e-05,5.545255831990213e-05,5.545255831990213e-05,4.8021172577338996e-05,4.8021172577338996e-05,0.0,0.0,0.0,0.0,0,0,0,0,0,0
W2,417225,0,0.0,97.0,94.0,71.34094924343135,71.34094924343135,69,69,0,0,1.7231654272841087e-05,1.7231654272841087e-05,3.3763559363230555e-05,3.3763559363230555e-05,2.3100280777371374e-05,2.3100280777371374e-05,0.0,0.0,0.0,0.0,0,0,0,0,0,0
W2,417227,0,0.0,28.0,22.0,19.95104013903665,19.95104013903665,18,18,0,0,9.484572097494767e-06,9.484572097494767e-06,1.9845006538905546e-05,1.9845006538905546e-05,1.2671946828111326e-05,1.2671946828111326e-05,0.0,0.0,0.0,0.0,0,0,0,0,0,0
W2,419838,1,14.115674018859863,91.0,84.0,68.94107167148003,68.94107167148003,66,66,0,0,0.000551348296675785,0.0005436365763631976,0.0008617799215970231,0.0008471215485782058,0.0007180877245690292,0.0007080438163441073,-7.711720312587335e-06,-1.4658373018817299e-05,-1.0043908224921863e-05,-2.3321879123345277e-06,0,0,1,1,1,1
W2,421968,0,0.0,3.0,2.0,2.0,2.0,2,2,0,0,8.780348404494967e-06,8.780348404494967e-06,1.724689845239044e-05,1.724689845239044e-05,8.780348404494967e-06,8.780348404494967e-06,0.0,0.0,0.0,0.0,0,0,0,0,0,0
W2,422801,0,0.0,11.0,11.0,7.506553891118306,7.506553891118306,8,8,0,0,0.00010269892641190381,0.00010269892641190381,0.0001796615200703972,0.0001796615200703972,0.0001338788233866986,0.0001338788233866986,0.0,0.0,0.0,0.0,0,0,0,0,0,0
W2,423485,0,0.0,10.0,10.0,8.85844090384603,8.85844090384603,9,9,0,0,2.713593130465597e-05,2.713593130465597e-05,3.5960668701801425e-05,3.5960668701801425e-05,2.9545031244927404e-05,2.9545031244927404e-05,0.0,0.0,0.0,0.0,0,0,0,0,0,0
W2,423625,0,0.0,17.0,17.0,17.0,17.0,16,16,0,0,9.545811535110047e-06,9.545811535110047e-06,8.191741331048582e-06,8.191741331048582e-06,9.545811535110047e-06,9.545811535110047e-06,0.0,0.0,0.0,0.0,0,0,0,0,0,0
W2,424740,1,0.3316247761249542,16.0,16.0,16.0,16.0,15,15,0,0,0.00021565255815758633,0.00021541453225282226,0.00028445081481254784,0.0002842591998669438,0.00021565255815758633,0.00021541453225282226,-2.3802590476407204e-07,-1.9161494560401273e-07,-2.3802590476407204e-07,0.0,0,0,0,0,0,0
W2,426664,0,0.0,22.0,22.0,20.99938907778475,20.99938907778475,19,19,0,0,0.00024591971509835275,0.00024591971575980347,0.00033029878261308255,0.0003302987827657886,0.0002557627537482108,0.0002557627544361364,6.6145071191126e-13,1.5270602707687098e-13,6.879255737106404e-13,2.647486179938041e-14,0,0,0,0,0,0
W2,428162,0,0.0,20.0,18.0,17.0,17.0,17,17,0,0,7.98485589257325e-05,7.98485589257325e-05,9.814210196602586e-05,9.814210196602586e-05,9.125549591512286e-05,9.125549591512286e-05,0.0,0.0,0.0,0.0,0,0,0,0,0,0
W2,428286,0,0.0,9.0,9.0,9.0,9.0,9,9,0,0,0.00012082648916273481,0.00012082648916273481,0.00013590552564507743,0.00013590552564507743,0.00012082648916273481,0.00012082648916273481,0.0,0.0,0.0,0.0,0,0,0,0,0,0
W2,429484,1,0.009217622689902782,29.0,28.0,26.99453389169656,26.99453389169656,25,25,0,0,2.104678662670596e-05,2.1027297472446192e-05,3.392170245367367e-05,3.389657064183441e-05,2.2408595048024427e-05,2.2387844870176303e-05,-1.9489154259768725e-08,-2.5131811839255774e-08,-2.0750177848124644e-08,-1.2610235883559189e-09,0,0,0,0,0,0
W2,430082,0,0.0,100.0,100.0,91.01060672203067,91.01060672203067,88,88,0,0,9.047968721120015e-05,9.047965024933547e-05,0.00011690493060622112,0.00011690492790296888,9.904038922196344e-05,9.904034876296566e-05,-3.6961864680593905e-11,-2.7032522406525775e-12,-4.045899777856653e-11,-3.4971330979726226e-12,0,0,0,0,0,0
W2,431338,1,0.001731415861286223,10.0,10.0,9.0,9.0,9,9,0,0,3.667398441393743e-05,3.6026776706421514e-05,4.464049350035644e-05,4.385305430731685e-05,3.949506013808647e-05,3.879806722230009e-05,-6.472077075159164e-07,-7.874391930395866e-07,-6.969929157863762e-07,-4.9785208270459796e-08,0,0,0,0,0,0
W2,432788,0,0.0,17.0,17.0,16.023821267737027,16.023821267737027,15,15,0,0,0.0001338863068988704,0.0001338863068988704,0.00016816954824709756,0.00016816954824709756,0.0001404133810066729,0.0001404133810066729,0.0,0.0,0.0,0.0,0,0,0,0,0,0
W2,432820,0,0.0,21.0,19.0,18.0,18.0,18,18,0,0,0.00022303113514986008,0.00022303113653575677,0.00047632832212277104,0.0004763283234391484,0.0002534444717612046,0.00025344447333608725,1.3858966871251738e-12,1.3163773456698058e-12,1.5748826396634608e-12,1.8898595253828698e-13,0,0,0,0,0,0
W2,434557,0,0.0,12.0,12.0,11.0,11.0,11,11,0,0,0.0001831339057692579,0.00018313515965928673,0.000202776319206646,0.00020277759688133924,0.00019534283282054174,0.00019534417030323917,1.253890028835242e-09,1.2776746932316712e-09,1.3374826974296792e-09,8.359266859443715e-11,0,0,0,0,0,0
W2,435853,0,0.0,18.0,14.0,10.0,10.0,9,9,0,0,0.00034962780167309876,0.00034962780167309876,0.0006347693998908064,0.0006347693998908064,0.0005494151169148695,0.0005494151169148695,0.0,0.0,0.0,0.0,0,0,0,0,1,1
W2,436150,0,0.0,18.0,16.0,9.089284495643108,9.089284495643108,9,9,0,0,9.757214951733317e-05,9.757214951733317e-05,0.00026475554218530537,0.00026475554218530537,0.0001639957699823731,0.0001639957699823731,0.0,0.0,0.0,0.0,0,0,0,0,0,0
W2,436247,0,0.0,12.0,12.0,7.9909569935899585,7.9909569935899585,8,8,0,0,2.3739822154311696e-05,2.3739822154311696e-05,3.3821170144057785e-05,3.3821170144057785e-05,3.167696745739626e-05,3.167696745739626e-05,0.0,0.0,0.0,0.0,0,0,0,0,0,0
W2,438231,0,0.0,6.0,6.0,4.0,4.0,4,4,0,0,6.360296598965458e-05,6.360296598965458e-05,0.0001041426141669057,0.0001041426141669057,7.950370748706823e-05,7.950370748706823e-05,0.0,0.0,0.0,0.0,0,0,0,0,0,0
W2,438250,0,0.0,38.0,27.0,22.923510232583556,22.923510232583556,22,22,0,0,0.0002408590191978236,0.0002408590191978236,0.0026473870161982686,0.0026473870161982686,0.0003757340227525696,0.0003757340227525696,0.0,0.0,0.0,0.0,0,0,0,0,1,1
W2,438319,0,0.0,27.0,17.0,17.0,17.0,15,15,0,0,0.00036714536655954485,0.00036714536655954485,0.0008278887899166587,0.0008278887899166587,0.0005419764934926615,0.0005419764934926615,0.0,0.0,0.0,0.0,0,0,0,0,1,1
W2,439336,0,0.0,10.0,10.0,8.823482337864938,8.823482337864938,10,10,0,0,0.000347224988945527,0.000347224988945527,0.0003608679535505399,0.0003608679535505399,0.0003790818840903665,0.0003790818840903665,0.0,0.0,0.0,0.0,0,0,0,0,1,1
W2,442052,0,0.0,19.0,18.0,18.0,18.0,16,16,0,0,0.0005425973203801128,0.0005425973203801128,0.00099630071220154,0.00099630071220154,0.0005672608349428451,0.0005672608349428451,0.0,0.0,0.0,0.0,0,0,0,0,1,1
W2,442433,0,0.0,4.0,4.0,3.335528068540972,3.335528068540972,4,4,0,0,0.00016932049777551583,0.00016932049049955822,0.00023103922168059187,0.00023103920710552015,0.0001846580054697477,0.00018465799753471422,-7.275957614183426e-12,-1.4575071726787014e-11,-7.935033489656074e-12,-6.590758754726478e-13,0,0,0,0,0,0
W2,443076,0,0.0,2.0,2.0,2.0,2.0,2,2,0,0,2.274314709893588e-06,2.274314709893588e-06,2.2732973810531467e-06,2.2732973810531467e-06,2.274314709893588e-06,2.274314709893588e-06,0.0,0.0,0.0,0.0,0,0,0,0,0,0
W2,443348,0,0.0,3.0,3.0,2.0,2.0,2,2,0,0,4.374245266565898e-05,4.374245327198878e-05,8.669088130006646e-05,8.66908817227515e-05,4.374245266565898e-05,4.374245327198878e-05,6.063297989231976e-13,4.226850396386525e-13,6.063297989231976e-13,0.0,0,0,0,0,0,0
W2,444256,0,0.0,8.0,8.0,7.975312807353125,7.975312807353125,8,8,0,0,0.0002701659041122184,0.0002701659041122184,0.00025103325174229585,0.00025103325174229585,0.00027072285304781033,0.00027072285304781033,0.0,0.0,0.0,0.0,0,0,0,0,0,0
W2,446320,0,0.0,18.0,18.0,14.944647564636957,14.944647564636957,14,14,0,0,4.272550797581845e-05,4.272550817792838e-05,5.634138097346343e-05,5.634138113414835e-05,4.961618696051043e-05,4.9616187195216224e-05,2.0210993523315374e-13,1.606849215859442e-13,2.347057959225726e-13,3.259586068941889e-14,0,0,0,0,0,0
W2,446664,1,0.06575342267751694,42.0,30.0,25.0,25.61701350717587,24,25,0,0,0.0002377845135463273,0.0002378369055570571,0.002419378441575091,0.00241626038780758,0.0003771754352803812,0.00036939908383989723,5.239201072981814e-08,-3.1180537675111475e-06,-7.776351440483948e-06,-7.828743451213766e-06,0,0,0,0,1,1
W2,447753,0,0.0,11.0,11.0,5.315907915949866,5.315907915949866,6,6,0,0,5.555105219007766e-05,5.555105219007766e-05,0.00010892598705034358,0.00010892598705034358,8.944547223620809e-05,8.944547223620809e-05,0.0,0.0,0.0,0.0,0,0,0,0,0,0
W2,449359,1,0.0861036628484726,14.0,13.0,8.513264367369285,9.513264367369285,9,10,0,0,1.499698035851387e-05,1.526461317423257e-05,2.3702013444962226e-05,2.1721502408462246e-05,2.157275979537236e-05,2.033283962087365e-05,2.6763281571870144e-07,-1.9805110364999804e-06,-1.2399201744987104e-06,-1.5075529902174119e-06,0,0,0,0,0,0
W2,449667,0,0.0,32.0,32.0,30.0,30.0,30,30,0,0,7.760495086017727e-05,7.760495086017727e-05,8.456779240452738e-05,8.456779240452738e-05,8.216994796959947e-05,8.216994796959947e-05,0.0,0.0,0.0,0.0,0,0,0,0,0,0
W2,451038,0,0.0,8.0,8.0,6.030433781656409,6.030433781656409,6,6,0,0,2.61747782170918e-07,2.61747782170918e-07,6.151204274820344e-07,6.151204274820344e-07,3.1314432201279344e-07,3.1314432201279344e-07,0.0,0.0,0.0,0.0,0,0,0,0,0,0
W2,451769,0,0.0,5.0,5.0,2.7756461363361398,2.7756461363361398,4,4,0,0,0.0001661434507695958,0.000166143462411128,0.00037822460490977166,0.0003782246402327824,0.0002206861200893418,0.00022068613555263308,1.1641532193535503e-11,3.532301073817454e-11,1.546329126485453e-11,3.821759071319028e-12,0,0,0,0,0,0
W2,454930,0,0.0,16.0,16.0,5.000075334199366,5.000075334199366,5,5,1,1,0.00015479110357041748,0.00015479110357041748,0.0005636501605912417,0.0005636501605912417,0.00030958220714083495,0.00030958220714083495,0.0,0.0,0.0,0.0,0,0,0,0,0,0
W2,455165,0,0.0,8.0,8.0,7.0,7.0,7,7,0,0,1.0376221212027303e-05,1.0376220757279953e-05,1.3980874394540045e-05,1.3980873716243762e-05,1.1319514049484331e-05,1.1319513553396312e-05,-4.547473508864641e-13,-6.782962829376873e-13,-4.96088018686852e-13,-4.134066780038786e-14,0,0,0,0,0,0
W2,458682,0,0.0,13.0,13.0,6.274210937523534,6.274210937523534,7,7,0,0,5.136793870318658e-05,5.136793870318658e-05,0.00010506643301123636,0.00010506643301123636,8.499484420403176e-05,8.499484420403176e-05,0.0,0.0,0.0,0.0,0,0,0,0,0,0
W2,459710,1,0.06988832354545593,13.0,13.0,8.0,8.09388908573705,8,9,0,0,0.00016060821511788302,0.00016266271509616321,0.00032212535997015696,0.000318547061391146,0.0002275283047503343,0.0002286498691224146,2.05449997828019e-06,-3.5782985790109743e-06,1.1215643720802974e-06,-9.329356061998928e-07,0,0,0,0,0,0
W2,460186,0,0.0,5.0,5.0,3.0052841753039,3.0052841753039,3,3,0,0,3.9702661001683734e-05,3.9702661001683734e-05,7.04333679271407e-05,7.04333679271407e-05,5.100777357110604e-05,5.100777357110604e-05,0.0,0.0,0.0,0.0,0,0,0,0,0,0
W2,461297,0,0.0,12.0,12.0,5.914019643275751,5.914019643275751,6,6,0,0,0.0003748388523187411,0.0003748388523187411,0.0007730709370126356,0.0007730709370126356,0.0006049434894117491,0.0006049434894117491,0.0,0.0,0.0,0.0,0,0,1,1,1,1
W2,461392,0,0.0,16.0,14.0,7.813475792395181,7.813475792395181,7,7,0,0,4.4412434866192285e-05,4.4412434866192285e-05,0.00011259434293623133,0.00011259434293623133,7.518944575953234e-05,7.518944575953234e-05,0.0,0.0,0.0,0.0,0,0,0,0,0,0
W2,461651,0,0.0,28.0,25.0,23.0,23.0,23,23,0,0,3.194828483017125e-05,3.194828483017125e-05,7.14899857749666e-05,7.14899857749666e-05,3.7864633872795556e-05,3.7864633872795556e-05,0.0,0.0,0.0,0.0,0,0,0,0,0,0
W2,461775,1,7.172752857208252,13.0,13.0,6.056204628982858,7.006235395943859,7,8,0,0,6.931661180722756e-05,7.153149040215126e-05,0.0001948315111074281,0.00016242034596276105,0.00011717963627417324,0.00011048603751330981,2.2148785949237053e-06,-3.241116514466705e-05,-6.693598760863426e-06,-8.908477355787131e-06,0,0,0,0,0,0
W2,462807,0,0.0,35.0,18.0,15.0,15.0,15,15,1,1,2.0771699510234244e-06,2.0771699510234244e-06,2.3191189751993495e-05,2.3191189751993495e-05,4.154339902046849e-06,4.154339902046849e-06,0.0,0.0,0.0,0.0,0,0,0,0,0,0
W2,462881,0,0.0,20.0,20.0,18.0,18.0,17,17,0,0,1.3874758636234218e-06,1.3874758636234218e-06,1.9269945784224983e-06,1.9269945784224983e-06,1.5136100330437328e-06,1.5136100330437328e-06,0.0,0.0,0.0,0.0,0,0,0,0,0,0
W2,464954,0,0.0,8.0,8.0,8.0,8.0,8,8,0,0,2.9388107805061736e-05,2.9388107805061736e-05,2.9194144272116537e-05,2.9194144272116537e-05,2.9388107805061736e-05,2.9388107805061736e-05,0.0,0.0,0.0,0.0,0,0,0,0,0,0
W2,468871,0,0.0,19.0,19.0,18.0,18.0,18,18,0,0,1.7980345103895063e-05,1.7980345103895063e-05,1.8643700639744807e-05,1.8643700639744807e-05,1.8797633517708477e-05,1.8797633517708477e-05,0.0,0.0,0.0,0.0,0,0,0,0,0,0
W2,470562,0,0.0,96.0,86.0,68.5672801369239,68.5672801369239,64,64,0,0,1.7772946536131113e-06,1.7772946536131113e-06,4.387968059065601e-06,4.387968059065601e-06,2.449168068941836e-06,2.449168068941836e-06,0.0,0.0,0.0,0.0,0,0,0,0,0,0
W2,471250,0,0.0,21.0,17.0,16.0,16.0,16,16,0,0,9.03636832696347e-06,9.03636832696347e-06,2.191115853180191e-05,2.191115853180191e-05,1.1295460408704338e-05,1.1295460408704338e-05,0.0,0.0,0.0,0.0,0,0,0,0,0,0
W2,473889,0,0.0,22.0,19.0,18.0,18.0,17,17,0,0,8.124208374159604e-06,8.124208374159604e-06,1.3229299882513935e-05,1.3229299882513935e-05,9.601337169461349e-06,9.601337169461349e-06,0.0,0.0,0.0,0.0,0,0,0,0,0,0
W2,474981,0,0.0,9.0,9.0,3.0,3.0,3,3,0,0,7.776437137686621e-07,7.776437137686621e-07,2.8788929034398564e-06,2.8788929034398564e-06,1.4441954684275155e-06,1.4441954684275155e-06,0.0,0.0,0.0,0.0,0,0,0,0,0,0
W2,475469,0,0.0,66.0,62.0,59.99934558872227,59.99934558872227,57,57,0,0,6.962848592285248e-05,6.962848592285248e-05,8.607145433819388e-05,8.607145433819388e-05,7.615693519620225e-05,7.615693519620225e-05,0.0,0.0,0.0,0.0,0,0,0,0,0,0
W2,475704,0,0.0,9.0,9.0,9.0,9.0,9,9,0,0,3.5581437474421464e-06,3.5581437474421464e-06,3.696887632138399e-06,3.696887632138399e-06,3.5581437474421464e-06,3.5581437474421464e-06,0.0,0.0,0.0,0.0,0,0,0,0,0,0
W2,479521,0,0.0,15.0,15.0,10.0,10.0,10,10,0,0,3.18504087492973e-05,3.18504087492973e-05,5.504279199250911e-05,5.504279199250911e-05,4.32255547311892e-05,4.32255547311892e-05,0.0,0.0,0.0,0.0,0,0,0,0,0,0
W2,480739,0,0.0,19.0,17.0,10.357115859196961,10.357115859196961,11,11,0,0,1.3143655741021972e-05,1.3143655741021972e-05,2.4896189901832425e-05,2.4896189901832425e-05,2.1056045309396436e-05,2.1056045309396436e-05,0.0,0.0,0.0,0.0,0,0,0,0,0,0
W2,481470,0,0.0,10.0,10.0,4.515748940623111,4.515748940623111,7,7,0,0,0.00014981162945622019,0.00014981162945622019,0.0003715881937540376,0.0003715881937540376,0.0002462922318413975,0.0002462922318413975,0.0,0.0,0.0,0.0,0,0,0,0,0,0
W2,481711,1,0.020230572670698166,36.0,29.0,25.457820383742078,25.457820383742078,25,25,0,0,8.461950022467062e-05,8.434161361771077e-05,0.000358124619733285,0.0003574935917255078,0.00011490259513072807,0.00011452526021138936,-2.778866069598436e-07,-6.310280077772104e-07,-3.773349193387089e-07,-9.944831237886532e-08,0,0,0,0,0,0
W2,481979,0,0.0,1.0,1.0,1.0,1.0,1,1,0,0,0.0002635012206155807,0.0002635012206155807,0.0002635012206155807,0.0002635012206155807,0.0002635012206155807,0.0002635012206155807,0.0,0.0,0.0,0.0,0,0,0,0,0,0
W2,482156,1,0.12980154156684875,19.0,18.0,7.419777879797713,7.419777879797713,12,12,1,1,2.8248169101817067e-05,2.6852677577095034e-05,8.217344522017183e-05,7.909414895040008e-05,5.6496338203634134e-05,5.370535515419007e-05,-1.3954915247220327e-06,-3.0792962697717523e-06,-2.7909830494440654e-06,-1.3954915247220327e-06,0,0,0,0,0,0
W2,482458,0,0.0,15.0,13.0,8.798401376641266,8.798401376641266,8,8,0,0,7.043244612855067e-05,7.043244612855067e-05,0.000159667785943783,0.000159667785943783,0.00010456122112913888,0.00010456122112913888,0.0,0.0,0.0,0.0,0,0,0,0,0,0
W2,482655,0,0.0,21.0,19.0,16.06493038967993,16.06493038967993,16,16,0,0,3.612433301127181e-06,3.6124333004504737e-06,1.2505162392967008e-05,1.250516239290663e-05,4.500929271831883e-06,4.5009292709887365e-06,-6.767073270556694e-16,-6.037820254618104e-17,-8.431467600922976e-16,-1.6643943303662825e-16,0,0,0,0,0,0
W2,483693,1,0.533532977104187,17.0,13.0,10.99687722906163,11.991470477088432,9,10,0,0,4.325194222987814e-05,4.4550390579816264e-05,0.00013536541406751926,0.00012075293896899747,6.056532789821829e-05,5.8503575610294894e-05,1.2984483499381221e-06,-1.4612475098521791e-05,-2.0617522879233952e-06,-3.3602006378615173e-06,0,0,0,0,0,0
W2,488871,0,0.0,24.0,22.0,22.0,22.0,20,20,0,0,0.0002532960302697081,0.00025329601571779287,0.0004312980140870866,0.0004312979795921172,0.00027278034029045486,0.00027278032461916155,-1.4551915228366852e-11,-3.4494969380904905e-11,-1.5671293310346585e-11,-1.1193780819797328e-12,0,0,0,0,0,0
W2,489001,0,0.0,16.0,16.0,16.0,16.0,16,16,0,0,0.00017285950676182438,0.00017285950676182438,0.0002219199747351349,0.0002219199747351349,0.00017285950676182438,0.00017285950676182438,0.0,0.0,0.0,0.0,0,0,0,0,0,0
W2,490829,1,0.0006906278431415558,22.0,22.0,19.85180205743679,19.85180205743679,18,18,0,0,5.041736801623322e-06,5.040504391489781e-06,7.5505826166510835e-06,7.550482146413955e-06,5.495817738489706e-06,5.494474332092366e-06,-1.2324101335403813e-09,-1.004702371281625e-10,-1.3434063973401955e-09,-1.1099626379981422e-10,0,0,0,0,0,0
W2,491017,0,0.0,19.0,16.0,14.0,14.0,14,14,0,0,8.689988380626203e-05,8.689988380626203e-05,0.00012709375170356506,0.00012709375170356506,0.0001110387404191126,0.0001110387404191126,0.0,0.0,0.0,0.0,0,0,0,0,0,0
W2,493378,0,0.0,10.0,10.0,9.57437403606291,9.57437403606291,10,10,0,0,1.1459079833286977e-05,1.1459079833286977e-05,1.6057318745288958e-05,1.6057318745288958e-05,1.181838051904364e-05,1.181838051904364e-05,0.0,0.0,0.0,0.0,0,0,0,0,0,0
W2,493698,0,0.0,19.0,14.0,14.0,14.0,13,13,0,0,0.00018309714575769296,0.00018309714575769296,0.00026174496710500167,0.00026174496710500167,0.00023395746402371878,0.00023395746402371878,0.0,0.0,0.0,0.0,0,0,0,0,0,0
W2,494108,0,0.0,20.0,20.0,20.0,20.0,20,20,0,0,0.00014233990905268,0.00014233990905268,0.0001615326829904459,0.0001615326829904459,0.00014233990905268,0.00014233990905268,0.0,0.0,0.0,0.0,0,0,0,0,0,0
W2,494814,0,0.0,19.0,19.0,18.0,18.0,17,17,0,0,0.00011068937630242497,0.00011068937630242497,0.0001098499666082023,0.0001098499666082023,0.00011572071158889883,0.00011572071158889883,0.0,0.0,0.0,0.0,0,0,0,0,0,0
W2,495774,0,0.0,9.0,9.0,8.0,8.0,8,8,0,0,1.0344290760460555e-05,1.0344290760460555e-05,1.4081204825338529e-05,1.4081204825338529e-05,1.1206314990498936e-05,1.1206314990498936e-05,0.0,0.0,0.0,0.0,0,0,0,0,0,0
W2,497175,0,0.0,26.0,18.0,15.0,15.0,15,15,0,0,1.492142102431691e-05,1.492142102431691e-05,4.04716472448235e-05,4.04716472448235e-05,2.3560138459447756e-05,2.3560138459447756e-05,0.0,0.0,0.0,0.0,0,0,0,0,0,0
W2,497267,0,0.0,8.0,8.0,8.0,8.0,8,8,0,0,1.828933323366755e-05,1.828933323366755e-05,2.3838012239238463e-05,2.3838012239238463e-05,1.828933323366755e-05,1.828933323366755e-05,0.0,0.0,0.0,0.0,0,0,0,0,0,0
W2,498017,0,0.0,10.0,10.0,9.0,9.0,9,9,0,0,2.9587370954686774e-05,2.9587370954686774e-05,3.3122875641132796e-05,3.3122875641132796e-05,3.1863322566585757e-05,3.1863322566585757e-05,0.0,0.0,0.0,0.0,0,0,0,0,0,0
W2,498822,0,0.0,8.0,8.0,7.0,7.0,7,7,0,0,8.225811870943289e-05,8.225811870943289e-05,9.897077902658363e-05,9.897077902658363e-05,8.973612950119951e-05,8.973612950119951e-05,0.0,0.0,0.0,0.0,0,0,0,0,0,0
W2,499815,0,0.0,12.0,12.0,12.0,12.0,12,12,0,0,1.2538678491639624e-05,1.2538678491639624e-05,2.2009720884951057e-05,2.2009720884951057e-05,1.2538678491639624e-05,1.2538678491639624e-05,0.0,0.0,0.0,0.0,0,0,0,0,0,0
W2,501343,0,0.0,12.0,12.0,12.0,12.0,12,12,0,0,3.9905507923284254e-05,3.9905507923284254e-05,0.00012858837439115516,0.00012858837439115516,3.9905507923284254e-05,3.9905507923284254e-05,0.0,0.0,0.0,0.0,0,0,0,0,0,0
W2,501960,0,0.0,6.0,6.0,4.0,4.0,4,4,0,0,7.324508768154676e-05,7.324508768154676e-05,0.00019733241731243668,0.00019733241731243668,9.155635960193345e-05,9.155635960193345e-05,0.0,0.0,0.0,0.0,0,0,0,0,0,0
W2,502037,0,0.0,8.0,8.0,8.0,8.0,8,8,0,0,3.886701040300977e-05,3.886701040300977e-05,3.7059751654056555e-05,3.7059751654056555e-05,3.886701040300977e-05,3.886701040300977e-05,0.0,0.0,0.0,0.0,0,0,0,0,0,0
W2,502750,0,0.0,21.0,19.0,11.90356569533768,11.90356569533768,13,13,0,0,0.0005375229094324414,0.0005375229094324414,0.001145526567794989,0.001145526567794989,0.0008449723158467893,0.0008449723158467893,0.0,0.0,0.0,0.0,0,0,1,1,1,1
W2,503082,0,0.0,10.0,10.0,10.0,10.0,10,10,0,0,1.7565742638225856e-06,1.7565742638225856e-06,2.108036125619018e-06,2.108036125619018e-06,1.7565742638225856e-06,1.7565742638225856e-06,0.0,0.0,0.0,0.0,0,0,0,0,0,0
W2,503951,0,0.0,9.0,9.0,8.858869711383605,8.858869711383605,9,9,0,0,6.26012825806457e-05,6.26012825806457e-05,6.560754835190511e-05,6.560754835190511e-05,6.328835207249549e-05,6.328835207249549e-05,0.0,0.0,0.0,0.0,0,0,0,0,0,0
W2,504758,0,0.0,13.0,13.0,10.72341127130019,10.72341127130019,11,11,0,0,4.971560953820769e-05,4.971560953820769e-05,6.602517356896387e-05,6.602517356896387e-05,5.740282238783758e-05,5.740282238783758e-05,0.0,0.0,0.0,0.0,0,0,0,0,0,0
W2,506506,0,0.0,9.0,9.0,9.0,9.0,9,9,0,0,8.306253352606695e-05,8.306253352606695e-05,8.004216327933244e-05,8.004216327933244e-05,8.306253352606695e-05,8.306253352606695e-05,0.0,0.0,0.0,0.0,0,0,0,0,0,0
W2,506564,0,0.0,8.0,8.0,7.0,7.0,7,7,0,0,0.00016689993935870007,0.00016689993572072126,0.00019463714870610928,0.00019463714563108719,0.0001820726611185819,0.00018207265714987773,-3.637978807091713e-12,-3.0750220891741925e-12,-3.968704163047343e-12,-3.3072535595563e-13,0,0,0,0,0,0
W2,508787,0,0.0,8.0,8.0,8.0,8.0,8,8,0,0,1.6601564622575893e-05,1.6601564622575893e-05,2.4745262287191753e-05,2.4745262287191753e-05,1.6601564622575893e-05,1.6601564622575893e-05,0.0,0.0,0.0,0.0,0,0,0,0,0,0
W2,508870,0,0.0,19.0,19.0,18.0,18.0,17,17,0,0,0.00011373465465986125,0.00011373465542575152,0.00015200274090237988,0.0001520027420739001,0.00011890441168985495,0.0001189044124905584,7.658902673310028e-13,1.1715202104852634e-12,8.007034569884261e-13,3.4813189657423305e-14,0,0,0,0,0,0
W2,508939,0,0.0,4.0,4.0,1.0,1.0,1,1,0,0,1.602574798198475e-06,1.602574798198475e-06,6.4102991927939e-06,6.4102991927939e-06,1.602574798198475e-06,1.602574798198475e-06,0.0,0.0,0.0,0.0,0,0,0,0,0,0
W2,508955,0,0.0,5.0,5.0,2.968986406528055,2.968986406528055,3,3,0,0,0.00023540123947896063,0.00023540124529972673,0.0003957264381806547,0.00039572644498624403,0.00030400563750936294,0.0003040056450265099,5.8207660967677516e-12,6.805589349446334e-12,7.517146952649989e-12,1.6963808558822374e-12,0,0,0,0,0,0
W2,511628,0,0.0,21.0,15.0,9.081603685443561,9.081603685443561,9,9,0,0,6.745046380416503e-06,6.745046423725774e-06,2.1908875251948156e-05,2.1908875347526598e-05,1.2890327788943021e-05,1.2890327871710532e-05,4.330927147266168e-14,9.55784422147863e-14,8.276751103876347e-14,3.945823956610179e-14,0,0,0,0,0,0
W2,512262,0,0.0,19.0,19.0,17.808814040056387,17.808814040056387,16,16,0,0,6.397468209079786e-05,6.397468209079786e-05,6.72875112506026e-05,6.72875112506026e-05,6.746894560088359e-05,6.746894560088359e-05,0.0,0.0,0.0,0.0,0,0,0,0,0,0
W2,515962,0,0.0,9.0,9.0,9.0,9.0,9,9,0,0,2.6521880196620867e-05,2.6521880196620867e-05,2.7652543993914272e-05,2.7652543993914272e-05,2.6521880196620867e-05,2.6521880196620867e-05,0.0,0.0,0.0,0.0,0,0,0,0,0,0
W2,517039,0,0.0,22.0,17.0,16.0,16.0,16,16,0,0,0.00011004221125057485,0.00011004221125057485,0.0003630672020841735,0.0003630672020841735,0.0001430548746257473,0.0001430548746257473,0.0,0.0,0.0,0.0,0,0,0,0,0,0
W2,517308,0,0.0,8.0,8.0,8.0,8.0,8,8,0,0,2.7096163648820948e-05,2.7096163648820948e-05,3.203401697863983e-05,3.203401697863983e-05,2.7096163648820948e-05,2.7096163648820948e-05,0.0,0.0,0.0,0.0,0,0,0,0,0,0
W2,517507,0,0.0,23.0,18.0,17.0,17.0,17,17,0,0,0.00021719878547242922,0.00021719878547242922,0.0003167574064690238,0.0003167574064690238,0.00027925558132169473,0.00027925558132169473,0.0,0.0,0.0,0.0,0,0,0,0,0,0
W2,518010,0,0.0,11.0,10.0,10.0,10.0,10,10,0,0,0.00021008330046160236,0.00021008329516999683,0.00039439599754709123,0.0003943959858585582,0.00022508925049457396,0.0002250892448249966,-5.2916055326597544e-12,-1.1688533008234053e-11,-5.6695773564211654e-12,-3.7797182376141103e-13,0,0,0,0,0,0
W2,518717,1,10.780829429626465,18.0,14.0,9.0,9.904013800131917,8,9,0,0,0.0003014853864677431,0.0003114375132435596,0.0007610875424048097,0.0006914103064694238,0.0005102060386377191,0.0004927803862862467,9.952126775816491e-06,-6.96772359353859e-05,-1.7425652351472486e-05,-2.7377779127288977e-05,0,0,0,0,1,1
W2,519129,0,0.0,10.0,10.0,8.533185713181975,8.533185713181975,9,9,0,0,6.973068138904637e-05,6.973068138904637e-05,7.994974983081708e-05,7.994974983081708e-05,7.789157216587673e-05,7.789157216587673e-05,0.0,0.0,0.0,0.0,0,0,0,0,0,0
W2,519301,0,0.0,9.0,9.0,7.0,7.0,7,7,0,0,7.760368917944208e-06,7.760368917944208e-06,1.2418247171141905e-05,1.2418247171141905e-05,9.171345084843155e-06,9.171345084843155e-06,0.0,0.0,0.0,0.0,0,0,0,0,0,0
W2,520125,1,0.23185864090919495,40.0,37.0,36.000000156274346,36.00000009644969,35,35,0,0,0.00015515891818580486,0.00015514165943244506,0.0001794887712822381,0.00017946730173782136,0.00017067480933758298,0.00017065582496419705,-1.7258753359799704e-08,-2.1469544416753954e-08,-1.898437338593035e-08,-1.7256200261306451e-09,0,0,0,0,0,0
W2,520128,0,0.0,35.0,23.0,21.11805043348963,21.11805043348963,19,19,0,0,1.2520777135906412e-05,1.2520777135906412e-05,7.675226386104877e-05,7.675226386104877e-05,1.9440613418360334e-05,1.9440613418360334e-05,0.0,0.0,0.0,0.0,0,0,0,0,0,0
W2,521834,0,0.0,14.0,14.0,11.0,11.0,11,11,0,0,0.00017272054485926804,0.00017272054485926804,0.0002515902669966264,0.0002515902669966264,0.00020726465383112165,0.00020726465383112165,0.0,0.0,0.0,0.0,0,0,0,0,0,0
W2,522024,0,0.0,3.0,3.0,3.0,3.0,3,3,0,0,0.00010263072666324054,0.00010263072666324054,0.00010784423089514936,0.00010784423089514936,0.00010263072666324054,0.00010263072666324054,0.0,0.0,0.0,0.0,0,0,0,0,0,0
W2,522107,0,0.0,21.0,15.0,9.925947209419247,9.925947209419247,9,9,0,0,0.0005553673877979495,0.0005553673877979495,0.0011512809972388039,0.0011512809972388039,0.0009970011006186883,0.0009970011006186883,0.0,0.0,0.0,0.0,0,0,1,1,1,1
W2,522968,0,0.0,24.0,15.0,14.0,14.0,14,14,0,0,0.00032830324588120977,0.00032830324588120977,0.0011949873675821095,0.0011949873675821095,0.0005106939380374374,0.0005106939380374374,0.0,0.0,0.0,0.0,0,0,0,0,1,1
W2,523783,0,0.0,16.0,16.0,5.264552318473978,5.264552318473978,6,6,1,1,0.00018575856211100472,0.00018575856211100472,0.0005771210597449776,0.0005771210597449776,0.00037151712422200944,0.00037151712422200944,0.0,0.0,0.0,0.0,0,0,0,0,1,1
W2,523859,0,0.0,9.0,9.0,7.0,7.0,7,7,0,0,6.996531227640744e-05,6.996531227640744e-05,0.00010503074171540808,0.00010503074171540808,8.268627814484516e-05,8.268627814484516e-05,0.0,0.0,0.0,0.0,0,0,0,0,0,0
W2,525012,0,0.0,19.0,19.0,12.961867119362891,12.961867119362891,13,13,0,0,0.0005251778967227949,0.0005251778967227949,0.0010157345164583315,0.0010157345164583315,0.0007121321927369272,0.0007121321927369272,0.0,0.0,0.0,0.0,0,0,1,1,1,1
W2,525213,0,0.0,12.0,12.0,11.998898102145802,11.998898102145802,12,12,0,0,0.00025523685940243013,0.00025523685455179174,0.00033258684777273906,0.0003325868441693151,0.0002552544384223034,0.0002552544335713309,-4.850638391385581e-12,-3.603423982811993e-12,-4.8509724882850325e-12,-3.340968994514082e-16,0,0,0,0,0,0
W2,525379,0,0.0,16.0,16.0,14.99491064767026,14.99491064767026,13,13,0,0,0.00024309165513614062,0.00024309165513614062,0.00038476462597583866,0.00038476462597583866,0.0002559545129168123,0.0002559545129168123,0.0,0.0,0.0,0.0,0,0,0,0,0,0
W2,527024,0,0.0,10.0,10.0,10.0,10.0,10,10,0,0,0.00021928572678007186,0.00021928572678007186,0.00020707556598301193,0.00020707556598301193,0.00021928572678007186,0.00021928572678007186,0.0,0.0,0.0,0.0,0,0,0,0,0,0
W2,527050,0,0.0,11.0,10.0,10.0,10.0,10,10,0,0,1.748035410803988e-05,1.748035410803988e-05,4.76447347359301e-05,4.76447347359301e-05,1.872895083004273e-05,1.872895083004273e-05,0.0,0.0,0.0,0.0,0,0,0,0,0,0
W2,529515,0,0.0,7.0,7.0,5.2031984578181465,5.2031984578181465,6,6,0,0,2.056477907379823e-05,2.056477907379823e-05,3.2864608434319355e-05,3.2864608434319355e-05,2.457977743809406e-05,2.457977743809406e-05,0.0,0.0,0.0,0.0,0,0,0,0,0,0
W2,532696,0,0.0,9.0,9.0,8.0,8.0,8,8,0,0,0.00031604112235880975,0.00031604112559256866,0.00037009627100304145,0.0003700962742418029,0.00034237788255537724,0.00034237788605861606,3.233758909520351e-12,3.238761472554308e-12,3.503238823164556e-12,2.69479913644205e-13,0,0,0,0,0,0
W2,534022,0,0.0,6.0,6.0,6.0,6.0,6,6,0,0,1.5516489974961207e-05,1.5516489974961207e-05,2.3973945749002064e-05,2.3973945749002064e-05,1.5516489974961207e-05,1.5516489974961207e-05,0.0,0.0,0.0,0.0,0,0,0,0,0,0
W2,534941,0,0.0,16.0,14.0,1.947403113858998,1.947403113858998,2,2,0,0,0.0002383343721987785,0.0002383343721987785,0.0016284710369087545,0.0016284710369087545,0.0002383343721987785,0.0002383343721987785,0.0,0.0,0.0,0.0,0,0,0,0,0,0
